id,first_name,last_name,email,gender,ip_address,btc
1,Kayne,Deaville,kdeaville0@japanpost.jp,Male,195.70.174.60,1CYAT9snDfmaiCTNJCWzpW1Nv19VTa2mS8
2,Drona,Guyer,dguyer1@ask.com,Female,242.154.183.123,18ePtBuU61aSkY1wuDv1dto6koch7A3CTs
3,Barbi,Vischi,bvischi2@pbs.org,Female,191.25.200.211,1EbHXgSAjZg3GxaGsTKcDkKa9mQ3Z2T6s5
4,Chane,Hagland,chagland3@umich.edu,Male,89.62.180.182,1MzZ428CvDgMLqhzHqn6MwbhXqbZUoVDJ9
5,Chance,Fedorski,cfedorski4@prnewswire.com,Male,22.220.249.193,155RrvvfMYwMTvntTKWHc2NYKw3nAazkYy
6,Gennie,McGonagle,gmcgonagle5@washington.edu,Female,40.47.14.123,1Ner2krZLKxRFi2ZxpekjFrXfwN4QLc1jg
7,Vally,Baccus,vbaccus6@google.com.au,Female,33.156.173.94,1Bn1fFXWLmaicM7LnfSyYHe6sNHBjuWLL6
8,Kinna,Derby,kderby7@live.com,Female,92.241.210.54,15FaNpM4WPNkdHuoLqZ5rgwgWxs9j6A9XX
9,Eduardo,Slarke,eslarke8@netvibes.com,Male,36.2.249.71,1L2ejuHbBFGFQiWH4eepQjXxbXerYiJrEo
10,Ximenez,Yeabsley,xyeabsley9@slate.com,Male,69.205.228.102,15qa52fBtFqdUHxQ3HWVBZMhWeYvErdMMg
11,Cosimo,Barfield,cbarfielda@printfriendly.com,Male,225.39.225.53,1BdikYynS8YsAE2T9dH2fiPzz21XZrhSaP
12,Lauraine,McAvin,lmcavinb@xing.com,Female,178.125.221.9,1FGFwWJY5czdT45sHcW9nGdAicYQZYwBZA
13,Jaime,Diche,jdichec@github.com,Female,222.57.208.118,181sBrnGHQtTw9HQZJhsJMgqWSNALzvrNo
14,Ira,Barson,ibarsond@youtu.be,Male,83.186.94.196,1JV6bNrVybHUH5N81JWUfaTxaXwvH6yMza
15,Othelia,Oosthout de Vree,ooosthoutdevreee@cbc.ca,Female,213.146.59.178,1eCWAt5Vg2VsUJutTeTPYUDY9DK6dfxDM
16,Melessa,Dannett,mdannettf@admin.ch,Female,189.225.124.26,1JVWdtmRzQkcdEWfJKFTF59vZcg9AdkL4z
17,Cecilio,Biggs,cbiggsg@jigsy.com,Male,84.62.85.91,1C5shsV7ey2kUngxy4hm8pmndi6S3jxXMW
18,Mei,Ornils,mornilsh@list-manage.com,Female,54.255.179.96,17ZMiLGrirzZEMug84WMXF1XLNEoqve3Ah
19,Lorant,Hogbourne,lhogbournei@google.ca,Male,44.116.203.89,15DZARiND9WPiyVX5iwYmjAoN9VSx5tHYq
20,Effie,Viger,evigerj@umn.edu,Female,154.246.135.1,12kSWMrgu79bp5C8Xs3r42g2aTWhHcW6af
21,Collete,Prozescky,cprozesckyk@ucoz.ru,Female,26.101.30.48,17rBPtPfnARLLf63bH6NZAmQj8AzWrQbVU
22,Chadd,Cowderay,ccowderayl@webnode.com,Male,40.175.44.213,1KPvARwf1NzHy3iqxVsYv4bDiwpS9RTQem
23,Siusan,Huie,shuiem@chronoengine.com,Female,251.143.114.59,18Tac83LgmgSjL3z9EqQguG856waURfgjc
24,Caressa,Lindsell,clindselln@nasa.gov,Female,123.31.199.225,1AKS2AjMY6ijkNCt2FBsWR5ZhULw6fsWX3
25,Eva,Pactat,epactato@furl.net,Bigender,16.22.62.47,1456dXtwa4gpKjHrVUgvfpqxVkNSqNqKpN
26,Sven,Anyene,sanyenep@who.int,Male,221.192.100.193,19ABkKrseQDiDoiDUSoP6PEw53YjF9KCda
27,Mick,Strippling,mstripplingq@loc.gov,Male,242.39.188.254,13ZRekhBK3swFah8ECZurdCLPpWiEyqreU
28,Fabiano,Titherington,ftitheringtonr@skyrock.com,Non-binary,84.102.87.136,15kN8hSXR1UrxzjnbWgmQBP4Z7cMjEp3XB
29,Charleen,Bleibaum,cbleibaums@amazon.co.jp,Non-binary,199.199.201.226,17y1ZJBpLqvFbiaL3xHbQoqarVeAGvYAy6
30,Sheena,Gaskell,sgaskellt@google.ru,Female,108.138.84.42,1D3dumV6GaPuQ2JwHpJ7YYFAWcLZNfD2g2
31,Carmencita,Fellenor,cfellenoru@icio.us,Female,241.119.80.155,1KaJWq4p798hS9JKGbhmoGQtDGiwdFYrGY
32,Lothario,Tessier,ltessierv@tripadvisor.com,Male,23.29.68.159,1dohJB1JxtzSbZqmZenhCHkUmt9hFa42p
33,Leela,Marle,lmarlew@sogou.com,Female,224.193.94.148,1QHFcZNvn8DHksHS55v2Cv7T7XsCdsmGfe
34,Winona,Scneider,wscneiderx@aboutads.info,Female,115.232.28.1,1AvrxdZMfcMx5D589F3DE5ibvLK2v4pTRT
35,Orel,Castillo,ocastilloy@va.gov,Female,148.65.82.103,19Ni5kkSdiLGK8uBQU3DdkaRzRWuQ6gKkG
36,Rana,Defty,rdeftyz@parallels.com,Female,53.123.227.233,1HqZUFrcMBePnVmAo6dc82akTXDL73kBvh
37,Ebenezer,Blatcher,eblatcher10@cbslocal.com,Male,49.2.139.57,1FRZE4RTbuCXEjVLkyY41B58xEusiNP2tW
38,Warde,McGuinley,wmcguinley11@com.com,Male,195.133.183.197,168hHXCJfUgTNutMgxMYZD1bAkUmxYdv2e
39,Stu,Bartolomieu,sbartolomieu12@yolasite.com,Male,248.65.133.55,12DBznkXKmuvLn1fKDv8iXNaDJmBvUS1yR
40,Maje,Keely,mkeely13@hc360.com,Male,5.122.219.176,1B3fJF4YteWsvy4NMVcLhPoKVAiSWjqxvG
41,Robina,Polycote,rpolycote14@senate.gov,Female,245.167.100.234,16moyDyf98vt5FCQpy4F7AXuigvU5icb5b
42,Talbot,Connealy,tconnealy15@csmonitor.com,Male,107.248.111.246,1M4QHvgkr9R9kfJDqpqwuQfQaoBw9wf67
43,Lurlene,Harder,lharder16@storify.com,Female,116.169.20.131,12zFJJ2gCCBomV3kmGGWRvpcRJ636FPfZv
44,Lorena,Knapman,lknapman17@cloudflare.com,Female,26.237.24.112,1MbdeYM6azmNC4RfhmsM7qNsvT1NLL5h71
45,Ike,Addionizio,iaddionizio18@cmu.edu,Male,33.29.65.174,1ET31fEank4HHkFjCYzA8P8Qp3FGS1seXJ
46,Terry,Semmens,tsemmens19@ovh.net,Female,52.158.133.231,13fbrvUvp3EmQmaT1EPf216ChaEEZJZMkq
47,Delmer,Doneld,ddoneld1a@cbslocal.com,Male,7.224.94.134,1A1gKjhwASjUjF6XaLyPB5G9aAjgMHDzMf
48,Nerta,Berrycloth,nberrycloth1b@people.com.cn,Female,101.100.115.1,19hhfkYq6n7J8z2WN2Ndyo9BSUm6DM1ZzC
49,Isobel,Paylor,ipaylor1c@51.la,Female,237.201.86.27,1DKfzQWWhsjcSnhGSWATvX6hsYqRLJEoUV
50,Shirlee,Warburton,swarburton1d@nature.com,Female,110.6.96.182,16UY9nDyhFWxzMTZdAWhxgcWuihwufcWdL
51,Lyssa,Beagin,lbeagin1e@imgur.com,Female,154.59.173.176,16HMgGBUBS9jBQHQkawNzG7ymRumxpe1kA
52,Lyndsay,McConville,lmcconville1f@csmonitor.com,Female,11.69.0.83,1NtpsNqR7yPyTfmeCjuGAgePBEimVjVzSG
53,Stoddard,Edwardson,sedwardson1g@quantcast.com,Polygender,161.223.237.117,18xYVBoJqmePbjn3fHttgua6hFeg8uzUq1
54,Judon,McElhargy,jmcelhargy1h@discuz.net,Male,98.239.199.178,1PxE1oWDmK1xDHtDvSNTQLqz3h6wch284Q
55,Morna,Sammons,msammons1i@ucla.edu,Female,64.119.6.201,115ZRWouSBLXrch7q1Cb3mpX8Xcmi2Xb8j
56,Baxter,Smees,bsmees1j@deliciousdays.com,Male,57.219.137.98,13FeDikvkWPbaP42hGLA28rhEuhhweNHW1
57,Curtice,Claybourn,cclaybourn1k@senate.gov,Male,118.101.207.247,1H9fVsHNaB5m8qHmX6YnFPn5ESQbdSN4yS
58,Angeline,Cuddehy,acuddehy1l@google.de,Female,155.171.74.71,1BZUFHC2beP9p3ww5rQ7hVwa69CY2V9hSq
59,Franciskus,Kleisle,fkleisle1m@xrea.com,Male,37.230.243.111,1FG17bUutKpm5imdX8jfXMSvEfo744Whqk
60,Dolorita,Domeny,ddomeny1n@theatlantic.com,Female,48.42.48.21,18DSfSwhtoEo2KYPH3VEu4fj5b7mN4C6EK
61,Christoforo,McNirlan,cmcnirlan1o@google.com.au,Male,237.37.115.119,19PZULV6XVzqtV7MF7W7k1zoCBaZ7arb4d
62,Sue,Andrei,sandrei1p@joomla.org,Female,116.131.66.25,14kzUjBAocnFKywYuNkhQZ1AGoCsCDKTiA
63,Natty,Salan,nsalan1q@networksolutions.com,Male,16.43.117.162,1PxLNAgprJrBX4j2ZKDr3SK7UXxJ26WRng
64,Randa,Bilbie,rbilbie1r@wordpress.org,Female,218.61.149.99,17rFjK3Ztyd8NRDodFVDwqT5JfG2gup3gv
65,Karlotta,Samart,ksamart1s@usa.gov,Female,244.218.109.105,1KGgxpkSvjeT6xrUpbZvQCYBgPXftKh4XM
66,Baxter,Cavee,bcavee1t@japanpost.jp,Male,137.228.160.219,1Go1hyKCRthfxUXZQRon9L8bzu8rm1zBnJ
67,Jaine,Hauxby,jhauxby1u@biglobe.ne.jp,Female,67.174.55.37,17n6U7x5r9Q1erzVQpKZPuzdi6ZgWGDo9j
68,Mendie,Manicom,mmanicom1v@wix.com,Male,194.231.232.141,1N87vZ2HFgBf4vbhmwTiThHkP6cts2tCJB
69,Lilah,Lowen,llowen1w@bandcamp.com,Non-binary,50.213.156.180,1Dxct5thaXZJttaShPv89qmydAJ5paASfP
70,Cloe,Rosenblath,crosenblath1x@163.com,Female,47.212.130.53,18TGBy2iHTeq589WFym4jkuPJBLo1vXEj2
71,Udell,Cardenoza,ucardenoza1y@who.int,Agender,175.211.199.192,1Pi7J9TE5uzRuTHhExiYSJbSmFrizb14F5
72,Armand,Geldeford,ageldeford1z@arstechnica.com,Male,35.23.80.204,1AbTsFDe26M3yRLPpAZiLuzFTGJQ1Sd6r9
73,Mechelle,Matveiko,mmatveiko20@google.com.hk,Agender,147.114.132.55,1ukFTFQkVHi5Z9pyJRzDjDU39cdS7pEy2
74,Rinaldo,Girardot,rgirardot21@irs.gov,Male,1.73.26.56,1E2hK8aPbNrGhWNtA2sb2ybEPYDRGXkcKx
75,Jess,Helwig,jhelwig22@businesswire.com,Female,191.157.97.116,1M8GH9KZhjLohsZ7DAm5eEFhHjHT1q53Up
76,Brody,Leve,bleve23@goodreads.com,Male,131.187.127.254,17M5KZqJAdjsgFLpeuJttzmr5xQXDAB3VZ
77,Jodie,Capsey,jcapsey24@hp.com,Male,86.130.125.113,1FRJSuaaCGgCofVvzPnpjK2moT4x5vHcNc
78,Ivory,Guiduzzi,iguiduzzi25@cyberchimps.com,Female,90.78.250.9,153YgmfAH4QPhvZdB8CZt8ukZTj5AAuiRU
79,Angelico,Curd,acurd26@usatoday.com,Genderqueer,30.196.179.116,1FH1DZx3xX9x9s49ZaB1x231eh6zyCCqLs
80,Rogerio,Van Castele,rvancastele27@barnesandnoble.com,Male,243.35.46.112,1P38LzWiv4NPDxZuCYVEKt2PDEQSt8Z7aL
81,Clareta,Devote,cdevote28@webeden.co.uk,Female,23.150.46.28,1P9363vNExuVt8rjkySUQS4JVXpG6ywuow
82,Christan,Reach,creach29@state.gov,Female,188.58.252.85,1BjNobDh4RT821EasJgTYQuAPSgQrSuKuo
83,Natka,Streight,nstreight2a@aol.com,Female,155.165.183.198,1LtKtdiNngNKLSjkq3xR1RQq6uVUYE5Fvf
84,Britta,Dymond,bdymond2b@desdev.cn,Bigender,151.143.194.16,1GcReEQ1i3LCJMRH9GfSmu3dNGsZ4MF6Yk
85,Zonda,Le Jean,zlejean2c@xinhuanet.com,Female,4.42.114.220,1HypxfcDoACQmiVE4rKMsgbcLboM2KuKyg
86,Aurlie,Tendahl,atendahl2d@hubpages.com,Female,32.249.251.230,15ogUJ2jnXfREeD1Uja1UdwYFT6ASUUEfv
87,Dulcine,Devericks,ddevericks2e@nymag.com,Female,181.99.17.189,1MFzKDFnXQimfTU3LZutLAjG8Uf3Kuu99p
88,Keriann,Mellody,kmellody2f@tinyurl.com,Female,56.48.47.38,1HwB3Wh3GBb9FWjSeTcUKTirJiQnyUWCZ
89,Paddie,Gabbat,pgabbat2g@webs.com,Male,255.46.20.221,12LSr58W3rNBQkQZS5cUduBPrrrQgqN5qU
90,Ingeberg,Butner,ibutner2h@irs.gov,Female,33.58.250.111,1E5G497PBYmyoNJvCKmLgUYaKxH5S3RYc8
91,Selby,Filby,sfilby2i@cloudflare.com,Male,4.240.130.43,1LuMbo9pGDuUMiMNEpcj4tQ3YA8jwDsSV
92,Lydie,Erskin,lerskin2j@symantec.com,Female,218.82.140.225,1H5r6QTJZWQFKnREmKEfr2X6whnwtbtABs
93,Gwendolin,Alesbrook,galesbrook2k@ebay.com,Female,37.93.183.103,1DZWBPkTboRM85dtiLKXzSkRC4KURYLCEy
94,Bernardo,Althrop,balthrop2l@tumblr.com,Male,133.236.14.148,1972ERjYoVzSoQkCE7m9cfYLycqUnh6P6n
95,Sapphire,Bourgaize,sbourgaize2m@posterous.com,Polygender,62.203.131.192,14ax58e2WkgyRaM8Z7UsefnpbMZTeWcxfc
96,Aaron,Covil,acovil2n@homestead.com,Male,225.185.61.253,1GFAKNifi4gddi23y1JZFBkPGcnfP1jHGU
97,Murry,Tedder,mtedder2o@photobucket.com,Male,115.159.105.90,1GcG2xx3QCDZEjeY4J72ANTE5Gas1mQbkc
98,Isaak,Soall,isoall2p@uol.com.br,Male,94.243.233.19,1BroivkgWEvgC2DT4YGcSpsQbGKYAUNdAk
99,Baily,Metheringham,bmetheringham2q@rakuten.co.jp,Male,196.143.80.175,1Q6QZiPYrkF4ijPkUp9gDzSjPewYUW3Lo4
100,Fionna,Filkin,ffilkin2r@constantcontact.com,Bigender,214.170.30.74,1G8NDkoax5y9rtQi7DzCNLnfBiTyLmxrYa
101,Wright,Waistell,wwaistell2s@samsung.com,Genderqueer,228.67.218.219,1KXMqcwsKCpEtgjW3YjKwdSKgpW5NoBwd5
102,Osmond,McGuffie,omcguffie2t@mashable.com,Male,125.60.247.79,1MZHi976mBEzms3YYP7qCNQxyyZ4HPkT3z
103,Innis,Summerskill,isummerskill2u@sogou.com,Male,227.177.154.102,12sQwnRCWm8PabTXSpfm87nGtVqg6RYZAM
104,Crystie,Bonelle,cbonelle2v@multiply.com,Female,169.238.58.237,1EAYUUzCLj4bTmjfrD26JHDmkVhnxosAJn
105,Marna,Roisen,mroisen2w@webs.com,Female,196.47.1.57,18VkUSiP22mzJUs6oKVYv3PySABeoSvhiY
106,Isabel,Lake,ilake2x@europa.eu,Female,76.202.19.98,17WeeiKAbBdCnjYU1qbrmdW2qGmfxNa8jz
107,Krispin,Meth,kmeth2y@issuu.com,Male,100.44.176.163,1Nrs2LuoVF33KVo4157QaSsPu36xQp9xs9
108,Fabiano,Hindes,fhindes2z@mtv.com,Male,135.5.15.254,1D1DhojKWAczFVAnzJ7pih53waCptfdvuN
109,Ches,Puleque,cpuleque30@springer.com,Male,103.100.237.114,1MkmS6fAyqxpxigwCko6kM9uczfQ85GS3
110,Demetra,Baldacchino,dbaldacchino31@apple.com,Female,79.241.24.232,12zMHzJC1tSGuyisypPcWVVtZSgf3r3eSH
111,Alika,Mathet,amathet32@jugem.jp,Female,157.9.251.157,1BtNwpzpbnZQuMq8i2cNPmUS3JWE5fXxbk
112,Asher,Durnall,adurnall33@theglobeandmail.com,Male,133.141.83.1,1AvtLAaZdjqYMWQquJVuDACvfmPSQHvyjj
113,Prinz,Bownd,pbownd34@youku.com,Male,203.166.124.1,1HGDrqkbth6Y9v6S8suMgKYpcxLVgEPyR3
114,Devland,Entwhistle,dentwhistle35@nature.com,Male,211.173.171.183,15XAZEUGDk73t2b49WQ76qhVJ1T7w9BCUi
115,Marti,Whittingham,mwhittingham36@ow.ly,Female,251.75.162.221,1CVuutr2b7SnmWTsdyhadzrEFg4dceyJs9
116,Rosita,Goode,rgoode37@cbc.ca,Agender,111.73.7.13,1EZQRNXcYpzEb12RJYYYXkY8tpX8hNjCj1
117,Alicea,Blankhorn,ablankhorn38@wikispaces.com,Female,147.44.148.40,14x7yXTDfGHvnJAg6VJL7JTxBBhYRr5Xez
118,Margo,Lebourn,mlebourn39@shop-pro.jp,Female,234.113.24.140,1A8g3dvAY27YvUrJUCdTA3o36ezbZzaJXA
119,Gardie,Quartermaine,gquartermaine3a@sphinn.com,Male,182.87.115.92,17xZsCgtAdmm35c1GqXSZuYTyMw2AEo4F
120,Lincoln,Baylay,lbaylay3b@creativecommons.org,Male,158.142.9.101,1LiM6KTQ6xNTJUAEZD7ahbqgVSQTMgfeiZ
121,Earl,Vass,evass3c@mac.com,Male,115.255.103.32,19EpzBDihMtieZPQtUBZ6MgJ8cpodSFcdD
122,Rickard,Haines,rhaines3d@slideshare.net,Male,49.16.183.250,1971cj13XUs1yDQo4TvvMaVH1odaBn8HK6
123,Darya,Lacroux,dlacroux3e@opensource.org,Female,82.58.89.141,1CJNGBKMnUxHgFU4nikPjmnzdFUYKExzT7
124,Hamnet,Whistlecroft,hwhistlecroft3f@hp.com,Male,208.249.45.194,1ERMk9XUuZ7RfbyhJGMefRZXpEMX2xQGDQ
125,Krystyna,Kaesmakers,kkaesmakers3g@vk.com,Female,197.3.238.40,1HfQe6WFvz7YUcaWrjar6A8pMdzKkhHLMf
126,Nerissa,Rennock,nrennock3h@prnewswire.com,Female,19.188.216.169,1MSQT33NcNeusv9fSAqpmd5wPVRy5m6kL4
127,Christa,Winscomb,cwinscomb3i@e-recht24.de,Female,6.102.11.139,1Dgsf7jdGmqMTFneEB7CPUT1c8dRoPUbyW
128,Axe,Kobiera,akobiera3j@csmonitor.com,Male,136.76.80.57,1Q1xTo8pnx4TnFtYihg9QZUPyfMRZsx9ax
129,Hedvig,Mcettrick,hmcettrick3k@vinaora.com,Female,236.28.32.196,1CAXBhcEXauFLEQ7o4FYyB7NXVMoNSoVjG
130,Lilas,Storrah,lstorrah3l@unblog.fr,Female,33.240.5.150,1DMJrdUg86WtYqQgBX6PR679LWSubnQZi1
131,Herb,Memory,hmemory3m@icio.us,Male,187.29.130.18,12BC8JWkgxaaBUAh1njVPS9PvotA2zwqGc
132,Hally,Garment,hgarment3n@issuu.com,Female,184.200.253.57,1DXNVvCtm6vL8PjiKErPQfpuW8i3U1McNX
133,Betsy,Gallico,bgallico3o@qq.com,Female,221.180.153.206,1Fp3HTkxHPu12kKfBsTcrKzZ7hAFjg91av
134,Way,Upward,wupward3p@dagondesign.com,Male,43.103.99.4,1HTy6KqT4HLm1ZWScgW9jyCXP2zHHVYtAR
135,Cortie,Burnes,cburnes3q@rambler.ru,Polygender,117.86.147.180,1JpvSUjEgR9XVDpWwefhhoyTYeR7FPtTWm
136,Brennen,Bidwell,bbidwell3r@de.vu,Male,49.200.220.215,1EM2ZQhei9yzjyL3AZDr5PaeF9D2UfpMaP
137,Joseito,Ameer-Beg,jameerbeg3s@delicious.com,Polygender,24.91.163.183,1J8eRnZCPg9MXvbbAVwD5pGbyMW4AMHFnC
138,Shirleen,Looker,slooker3t@woothemes.com,Female,50.10.170.66,1NNHtPqJjeQQqTNqRrrg8YAbrfH5yKK9pc
139,Atalanta,Creigan,acreigan3u@census.gov,Female,102.206.73.131,1GPvpiytf9swtJTa1iKTySvfi3oZzruMYV
140,Chucho,MacLachlan,cmaclachlan3v@surveymonkey.com,Male,183.132.227.144,19jMoNhsUSyCro1NcmGTMXvUaKQLi5vbpS
141,Inglis,Blinco,iblinco3w@qq.com,Male,62.251.174.52,1LYhWntwTCwUHooWUNtVeLmURhrSXgbYt1
142,Damien,Pic,dpic3x@latimes.com,Male,222.52.93.166,181V7UsFRS8wE8fxm5vw9PpKWbYstTEPgR
143,Arda,Brannigan,abrannigan3y@reverbnation.com,Female,232.169.141.192,17r6YEHggQfCLRsRZB5XcNwnH1GjyUVypJ
144,Keelby,Garton,kgarton3z@cisco.com,Male,150.247.51.73,17mFC9n7yRKURvhZ2zoPdsp1ySybiLcQB6
145,Rici,Lankester,rlankester40@alexa.com,Female,14.82.199.97,1J4AgWTyCUqhq6wNmE3K3pdktyUGPS5uH8
146,Frazier,Bedberry,fbedberry41@si.edu,Male,155.19.32.216,1Ma6jZz2QJj4WTXbX6uxZpxm2BMJbzrnuK
147,Biddy,Andryunin,bandryunin42@ucoz.ru,Bigender,51.38.227.32,1FTCStMVoHCy3T6jZkM6BgcLsYWKmNP7wd
148,Emogene,Bourdas,ebourdas43@boston.com,Female,222.2.10.167,1KBuQ5GfqtweJDhhxfSAzadmJbaymbAnmZ
149,Svend,Iohananof,siohananof44@ucoz.ru,Male,31.30.248.100,1H9GqxjX8Z9E8gYMwTiZj8D3TmsW3VE5dn
150,Dirk,Gilfoy,dgilfoy45@so-net.ne.jp,Male,213.129.130.189,13LprDhdB181tQDnQLQaBk94DFN3zrfAiZ
151,Suzann,Boadby,sboadby46@indiegogo.com,Female,119.177.57.231,1DqGZorVHMxr6ReAhvn4NhY1usQAfCoYUm
152,Avrom,McKeurton,amckeurton47@meetup.com,Male,204.197.189.81,1CZatqho9LgmtkibeLvdYcqZ7rM3ZQ8az9
153,Sean,Steckings,ssteckings48@unicef.org,Male,232.124.152.220,1LrBEgcyMvCXwV7HoTTBNxR5vqdQzDnrPy
154,Thain,Jeanes,tjeanes49@dion.ne.jp,Male,111.162.22.86,12eT2oGmEV8u2ib1c7iy2ED5u6koYpNE5F
155,Willy,Torres,wtorres4a@google.com.hk,Male,149.151.132.176,1LvmfFNcYW48nHXPCfpc9iau2z7dueoELJ
156,Deanne,Kenset,dkenset4b@github.com,Female,154.4.48.35,1E6xjyr22hKEf7kCULPKpAL5RxAx38V6yB
157,Lemmy,Delicate,ldelicate4c@squarespace.com,Male,60.119.38.175,12nkWUeK6Dur5DmHKooo6Dkt3Yy5jQy4U3
158,Kellen,Duddle,kduddle4d@a8.net,Genderfluid,19.44.10.192,1HNB6U1dgKL3o1nTdnUR3a4S5zPryxmqVy
159,Conni,Phinnessy,cphinnessy4e@ihg.com,Female,180.159.109.238,14D6K3cvjgLuEHP3vj32RxVtaABa8BEaY5
160,Bjorn,Tullis,btullis4f@europa.eu,Male,242.162.5.102,1HU5V1auy11gy6Q3h74G7rD6vLXZeP61oM
161,Tami,Romero,tromero4g@accuweather.com,Female,78.16.52.29,1ECYe6J7BNcvaDUHR9oV5juEiqvijYBDcv
162,Cathlene,Guidone,cguidone4h@cpanel.net,Female,84.207.160.168,1JPg5sjWDwcPFLDGfbWcJsA2fF8P92qjYZ
163,Britni,Janczewski,bjanczewski4i@chron.com,Female,199.208.97.31,14xSeWJsBqf86moTxhjJ5kxfF9eGZ6z9rS
164,Alyssa,Burgis,aburgis4j@examiner.com,Female,175.46.247.222,1CaTjuaqzcvytkgFnxgVMfGcye22ywTNm5
165,Brose,Hasselby,bhasselby4k@craigslist.org,Male,5.176.149.224,1Kf44Lh2xcmJ1EHDWrXpunNQrYL34mUjnB
166,Lula,Salle,lsalle4l@moonfruit.com,Female,225.202.228.187,1GZFwCy2FmJGJFoLEi796irsoCet1a4xfH
167,Baudoin,Stonary,bstonary4m@addtoany.com,Male,215.136.239.1,12CKu6DV2EUE6axZgP2yaxQwSc2nSFDmiW
168,Feliza,Westcot,fwestcot4n@guardian.co.uk,Female,244.202.48.128,1Nk47kQXFMxie594Z4v3Vu9xErH447GhYw
169,Pascale,Barrow,pbarrow4o@sciencedaily.com,Male,112.212.74.242,1Htrrop7YvUabrLRBQi2PNrSUdkwCKMAzc
170,Devina,Ganiclef,dganiclef4p@histats.com,Female,252.215.152.37,1CWohQTjfS4FYsE4FuQfkTDFBnJBoQTk2o
171,Claudina,MacIntosh,cmacintosh4q@usnews.com,Female,219.91.187.176,13VKLWf8YqhwKkAjLYwF2F5ERwsh8H7f1L
172,Jennilee,Slott,jslott4r@rakuten.co.jp,Female,95.199.107.140,154X5G5poMxyVGxeF9gBRQvabkc3rJuGCV
173,Fabe,Osbourn,fosbourn4s@digg.com,Male,79.0.66.6,1HvepJN9JRzSnJKYgMHFF1iuMGFYyeYKd2
174,Dyanne,Browett,dbrowett4t@surveymonkey.com,Female,4.211.81.215,1NrNKKuLyu1Fwn3XMyC6FpzRQsUUGEEyQt
175,Audy,Hasard,ahasard4u@wikimedia.org,Female,182.106.22.11,1CeR8sWNdcaifWrFaGG99eP2wZ1dmaArM2
176,Hugo,Devany,hdevany4v@hc360.com,Male,167.8.122.214,12KFXZJH1JoYB54btasH7deCZ5zg8fXJBs
177,Reube,Van Der Vlies,rvandervlies4w@ycombinator.com,Male,141.2.96.118,1ME58BGoZfqKgLiYYfvKQxhhxrn1VWPrgR
178,Grazia,Breward,gbreward4x@businesswire.com,Female,80.46.92.22,1Lcv2xbdPZoaNc7CHZGBA8jSWYGMmFFL3h
179,Margaret,Lingner,mlingner4y@flavors.me,Female,201.135.116.196,1KXN1eiywohjtkneGgooSHhcM7sVbLUAR
180,Trenton,Das,tdas4z@mac.com,Agender,181.17.84.93,1BMkemB6Nt8V2dsmq91i7a6z4iuUZm5Kqd
181,Reube,Ridout,rridout50@weibo.com,Male,133.41.30.233,1L24p6gHnRLYWu69Nj1q5HCxqJQ93Kir7o
182,Neddie,Honywill,nhonywill51@jugem.jp,Genderqueer,24.250.255.45,1LFFJPYFsViTuFgCJRWS6jNhrsTw734Ngz
183,Ajay,Breton,abreton52@booking.com,Female,218.176.73.47,1LtGMfmiKZg9fHQ9s7eohADZdQiLymTCBK
184,Kira,Anderbrugge,kanderbrugge53@privacy.gov.au,Female,210.245.15.184,1JcdkkxULc8Hv8DatkLvD7PkbntzMG1BEu
185,Julia,Simmill,jsimmill54@cbsnews.com,Female,169.138.172.142,1N4ABNpjyUkZ4zjN1f21sqX42vFbqCqGG6
186,Ibrahim,Losseljong,ilosseljong55@dot.gov,Male,43.247.134.140,1Bi79xqdFJskQcfraLbq6pxSfC6dH7QXB7
187,Reinaldo,Grubbe,rgrubbe56@simplemachines.org,Male,170.238.51.165,17xf1rxN25u9pa7kBEwDevwFmbWjRPYjeB
188,Gradey,Aspy,gaspy57@microsoft.com,Male,37.54.249.41,16H7zz8NBBLUr6XBDAGJ6ARKGXZXEiHnTa
189,Daphna,Wadmore,dwadmore58@businesswire.com,Female,166.0.251.255,1N8y1SnHXZ7v12QjPiwrSep8YRay9t7YPp
190,Devinne,Frigot,dfrigot59@goodreads.com,Female,55.106.52.157,19JzaoshH7D7iyqgTnmKwXXJQvBdeL9hia
191,Ali,Onion,aonion5a@ihg.com,Female,142.71.160.86,12R85CVhtKoJJzQL9ggsmsy4JXBYKgRjYy
192,Rollo,Seint,rseint5b@usda.gov,Male,172.48.22.30,16w46HuZeswU3HaWAByDKXQ8fPHpRZxszF
193,Spencer,Pilcher,spilcher5c@deliciousdays.com,Male,40.203.235.146,1P6d7jEGvhW35wXvpuEUqBoEC52sfeBZ1
194,Birk,Wollrauch,bwollrauch5d@google.cn,Male,199.89.52.37,1Q9rWVwAkRfAEh7i8mCy15YE6gDuUP5mHG
195,Alvin,Fuge,afuge5e@canalblog.com,Male,121.81.46.183,1qifhqoqBp9ZaYXH8wikso2hJf5wuWZhP
196,Port,Walpole,pwalpole5f@t-online.de,Male,216.64.95.193,1EHoSp5YMFPg8stRBbcXK6Z6w8bnZ4BfEt
197,Jeannine,Genders,jgenders5g@gizmodo.com,Female,130.255.79.143,13PeWr5Nph4wM3MXu3YYg6E7g6uGsE4SWe
198,Vally,Terran,vterran5h@gov.uk,Female,89.46.102.35,1LXz9dc8WNuLAxQr97jhXAwt96bTYG77uQ
199,Beitris,Carwardine,bcarwardine5i@cocolog-nifty.com,Non-binary,211.69.173.60,16DRgrNvwNbtGyi9vS1czg1t7LGxtbb8rQ
200,Cob,Maude,cmaude5j@eepurl.com,Male,175.213.16.106,1ABuKgrNvnUWRjzqvNjGvk1fihbVmrck8K
201,Amitie,Beneteau,abeneteau5k@etsy.com,Female,110.14.27.40,1CkUH65njPtddCb4YRAEF8s5NVPFrD7sbP
202,Guthrie,Yerrington,gyerrington5l@wikimedia.org,Male,196.210.29.197,17CQyMsuKnNtKsCGYufvLzoD7bcM5hsQ3Z
203,Terencio,Humpatch,thumpatch5m@comsenz.com,Male,139.167.117.48,1128jXg9Vgb3nPpdRMWrywZhLXQRPsg1HM
204,Angelia,Attiwill,aattiwill5n@java.com,Polygender,232.144.40.16,1Kws3KZtMZ3HF7NCTuKPfHpgMwPHep3Gof
205,Candy,Munnis,cmunnis5o@theatlantic.com,Female,40.153.31.141,12yYqJAkRPCnEU5eZrYtYyr3dsNEdX6oWd
206,Gabriel,Willatt,gwillatt5p@ebay.com,Female,62.196.175.225,14zCRwK3oEiviqeQUfjYYQ5GJGcFU7o7GK
207,Leone,Connew,lconnew5q@samsung.com,Female,23.193.212.130,1CuAWNsQqgMAJgt1b9gqpYXabZs2gog4PP
208,Bekki,Joddins,bjoddins5r@spotify.com,Female,150.61.7.15,1FZXYNJe1z7g7yRZqL6Z59tei6hEAzVVKK
209,Egan,Carley,ecarley5s@cnet.com,Male,201.215.118.6,1EBNWopcwPH6SKqQ7dnurmpJy1G3CimRk9
210,Nonna,Mathet,nmathet5t@usatoday.com,Polygender,5.20.31.26,15cYxzyevPoSHqLxkNSqJeA7GAdvZ36Quk
211,Janet,Whetnell,jwhetnell5u@hostgator.com,Female,19.255.199.181,1EtzTyyjLxCmZF7WtGzxN1muVg9HGKjQ3M
212,Shurwood,Menichino,smenichino5v@cbc.ca,Male,77.60.210.212,1Po5mE4QSKeiEKy53T7YxLkFoAYcttEMyh
213,Jobi,Helks,jhelks5w@yahoo.co.jp,Female,76.230.214.34,16gLJysxSZbHnPSJBrqezVuGdNNLJABoQN
214,Briny,Jakubowsky,bjakubowsky5x@cocolog-nifty.com,Female,235.94.11.84,16rKj4fxFNJx5KNH4LH6XK8AmWepSjesTe
215,Dacia,Eakins,deakins5y@state.tx.us,Female,151.102.31.120,1HwQvTuEKZZVACqjdvP3xv2kxrds9CZ294
216,Lorrayne,Manjin,lmanjin5z@elegantthemes.com,Female,255.255.90.28,1AoPdVCXnZpEaMybVdQVAhaswTou5Dc5Rw
217,Herb,Puckett,hpuckett60@google.nl,Male,36.44.86.64,1MGBjJgZiWC9c3uWrFpWUhJULtZpqMqx2w
218,Doug,Thurlbeck,dthurlbeck61@angelfire.com,Male,92.90.35.50,1J1vtUXJWFBiJH8aunNbwQqFEEx6WhTLVN
219,Annalise,Brindley,abrindley62@ted.com,Female,176.41.171.236,1CvZo8sts1HH9UkYgNwhNmQNFa7sf5Csmp
220,Joscelin,Gamwell,jgamwell63@quantcast.com,Female,210.111.153.234,1ERENc1nmSNS8uThgTDsVNiPYFAYSCSsmN
221,Tripp,Vockins,tvockins64@behance.net,Male,25.215.16.80,1PMwb4bJDM2f1rhUGx8XvqiP2mJvJcudiA
222,Franklin,Andrassy,fandrassy65@hubpages.com,Male,79.154.253.104,1FnefNMuqdzSFF92Y6QSuJUWf96jRU5jjw
223,Carmella,MacKaig,cmackaig66@rambler.ru,Female,150.245.157.250,19G4XTw6RL6WfwVER4SVWrKuLA6RuwV7uo
224,Gerry,Cacacie,gcacacie67@so-net.ne.jp,Female,161.112.52.4,1DWQgHxb9JDTyPeNzFPvqxtQuHUbrj6BQA
225,Jamill,Bewshire,jbewshire68@twitpic.com,Male,101.72.138.216,14pDqCxe9JNYK2hDXq9nAL2XFLfRmoeWvs
226,Vannie,O'Sesnane,vosesnane69@guardian.co.uk,Female,2.201.5.223,14qVQeAriG74k5dVMeqA2Bi47STyV4ZD9W
227,Errick,Lacase,elacase6a@businessweek.com,Male,138.253.171.142,1EnwasQx9VkLZVCmeS2XXBq5BoRu1J1xWM
228,Gibb,Wikey,gwikey6b@imageshack.us,Male,76.0.58.213,1MHSxTnZ9XDygGM5Qzu4qKn56dwspABE6Z
229,Stanislas,Blackledge,sblackledge6c@comsenz.com,Male,145.175.180.31,15Uhszh5ncAKTWMRk8ZcJ2M5tZUuK2cKm1
230,Trenton,Ringe,tringe6d@google.com,Male,177.253.255.65,1EhBACjgiZa6T2JDTzuNVbtDuait21nz4K
231,Arthur,Ofener,aofener6e@gmpg.org,Male,238.82.171.31,1NMuyQsDrXMCY9PqTnag9mYNUVA3e2iZzU
232,Robbert,Brigshaw,rbrigshaw6f@google.fr,Male,9.192.221.1,1NNJJXfsFmehmoSD8Xy85W2r7PUH2nErvZ
233,Giuseppe,Hallwell,ghallwell6g@indiatimes.com,Male,142.173.249.74,1DUCTaA2pVCsfAtV3oZapDDQpPvgcgvp53
234,Barret,Ceschini,bceschini6h@pen.io,Male,152.126.149.31,1C9xphSyMhpGczmM9aAgsX9HycwhQBU5yk
235,Stearn,Dimitriades,sdimitriades6i@nasa.gov,Male,17.69.246.196,1CRuFdCzcs2Wy7WK4NuAik4Mv8eAyJe1LW
236,Jonell,Porson,jporson6j@elpais.com,Female,246.59.239.84,18LZJ9oXwNuu15hrefBhQ4938Ng7LUkt6o
237,Betsey,Killick,bkillick6k@seesaa.net,Female,17.14.218.166,1DvSnKnbjqraUSmUFjvkNcWLpijGXeHieJ
238,Danny,Reddecliffe,dreddecliffe6l@usnews.com,Genderfluid,27.31.42.148,1AYPM4c4RGeqdFZSvss5v4XD1XnVPxcXSj
239,Caresa,Gini,cgini6m@vk.com,Female,10.35.157.29,1NUSvyFLjZpqsuw6vJmcpqMN99SDYhEaiU
240,Fawn,Cronshaw,fcronshaw6n@apache.org,Female,18.38.227.1,1EPxkBm4xJmcgmEAkz8Pd2GHn4Z2BtqxjF
241,Eberto,Huban,ehuban6o@dropbox.com,Male,146.153.172.197,16jHet1bDNYCHazrSNJ86at6P7KRhRkgeP
242,Portie,Scirman,pscirman6p@whitehouse.gov,Male,215.134.68.245,1AArDbXxapoSTwZeucsQGKSS5Gd4nFhVYC
243,Bradan,Tomczak,btomczak6q@woothemes.com,Male,92.74.145.210,19pQpbqUSwcGXTaN5CuWPc6Q5dPaRHoQnY
244,Ogdon,O'Meara,oomeara6r@princeton.edu,Male,39.162.44.60,1BsnWTwwZxALvrsx5WGuq4zbKD84GiehSe
245,Bernardo,Moylane,bmoylane6s@nbcnews.com,Male,74.117.149.221,165nxjerKeWfnk4RTdQR5TcHfnBwFhAVk2
246,Roseline,Maroney,rmaroney6t@icio.us,Genderqueer,87.202.64.55,1KPj5n1DLgG8BXYtZB1vZ24fJ643BhwvaD
247,Dasya,Radolf,dradolf6u@wiley.com,Female,106.194.156.53,135VXWq77zS8J9QS9Y9v6XWnEnGdEZSD4D
248,Alastair,Billson,abillson6v@who.int,Male,40.77.84.65,14vJoH4urSSifarh74c6MQMDRTjS2ExQRy
249,Dalston,Wadhams,dwadhams6w@desdev.cn,Male,2.225.46.173,1CowY83M8C8A8w5WbMPgWcspBNPuE2s7o5
250,Gabe,Forward,gforward6x@army.mil,Male,171.77.139.243,13T9qAAVEwHeMHzoAy1WdQWZ8WhHswqZ5m
251,Annabal,Eberle,aeberle6y@ihg.com,Female,248.142.215.202,1BY8UCNVK2vEjtxRPHTvXtiy9LseFzorPH
252,Pearla,Hacquel,phacquel6z@nbcnews.com,Female,142.13.39.114,12cuLZ46Vdc6k4WWskkFqDtsey1kRGSWg9
253,Donnie,Begley,dbegley70@nifty.com,Male,123.176.43.50,14nAokj1yHmmJUminrV6jEjag11famZtCE
254,Vasilis,Verlander,vverlander71@pbs.org,Male,233.198.71.237,18EvtajWtjgK2B17NJ81TMEYnV7QDb9eRM
255,Lorrin,Tolson,ltolson72@sun.com,Female,207.128.73.178,1JJ2Y754ayB5tCMFysUqcYPgNKqtDbUurK
256,Currey,Belli,cbelli73@amazon.co.uk,Male,22.25.24.220,14Sjn8pVufrWuM5MaY48ZToXjuEEw4Sf8T
257,Nefen,Gokes,ngokes74@mozilla.com,Male,253.66.239.249,1HzB2tbgTzFZgbtxqUiXHa1cVJgytu8iPp
258,Elfrida,Guerner,eguerner75@omniture.com,Female,160.101.155.169,1Fi3mAVCfjh4yUL2QawXDdruv3eYU9VVvC
259,Roslyn,Culbert,rculbert76@arizona.edu,Genderqueer,73.126.27.185,1K5PbzCLUmWnzPDsBZTJZStujxEesQkXho
260,Paula,Wisbey,pwisbey77@chicagotribune.com,Female,1.145.195.143,14RLm85Db54gu36oDxtp6RGg7fzSsn6vXh
261,Arlin,Greystock,agreystock78@loc.gov,Male,119.174.159.8,1J494xdUJXAKnXCvhzR35WLebcWq8jBXeU
262,Con,Trude,ctrude79@vinaora.com,Female,158.86.148.117,1DQcq3QwszgBSWGKm1fBBsJ44EFkhM2b6R
263,Emmanuel,Hagyard,ehagyard7a@marketwatch.com,Male,72.201.104.202,1PUanaYCQNLMPmpSgvuicgRmep4j4KqumB
264,Valene,Adlam,vadlam7b@nydailynews.com,Female,53.9.58.229,16m6AHtdfesN4fuduVdL2vu33UxyCxVY71
265,Doe,Eby,deby7c@home.pl,Female,4.113.90.26,19dyLZ4FvhxyNWoEYhmXSeWF3LtiDtNsoo
266,Montgomery,Cancellario,mcancellario7d@usgs.gov,Male,74.146.246.124,1AU3kFTvpYYJmXSVXmQRrkGiFHrc4Ejm16
267,Felisha,Carwithim,fcarwithim7e@purevolume.com,Female,236.161.106.147,1AU8e6SuqRctKaEn28tDQuZxzFK3FwgaRS
268,Torey,Kermeen,tkermeen7f@omniture.com,Male,95.128.155.241,1PzAJ8VcPJ8AGxMKE5Uji4n2pcJ9gze6qW
269,Ailsun,Malicki,amalicki7g@networksolutions.com,Female,53.202.0.171,19LrgB66tFes7h2AhqELfGZeqecdrd9aQD
270,Northrop,Smallpeace,nsmallpeace7h@discovery.com,Male,116.78.81.217,15oBG4qY8c6SpLQDoQMzuZjzQoCwhkene9
271,Olia,Ruddiforth,oruddiforth7i@wikia.com,Female,21.233.68.66,1LEC31i9cLCB2i5e7gZ2DqVwcXgP78kEwu
272,Dewie,O'Hanlon,dohanlon7j@feedburner.com,Male,12.86.211.11,1HxPSUmzuiowtPT2Z3ij5cobLb4vtRYQfw
273,Alfie,Fickling,afickling7k@a8.net,Female,36.213.8.116,1LUG7Js9xgDHE4xGr5zY5UixtWMuvJUZnC
274,Randi,Baszkiewicz,rbaszkiewicz7l@posterous.com,Male,134.171.194.128,14KZL7GZjXNq7yKvRvdXZg5QnBQFepUNrx
275,Belvia,McQuie,bmcquie7m@craigslist.org,Female,143.116.85.178,12zgHcYaUqgDFd63JDcL5393V1cQb8Tv6z
276,Amargo,Harbord,aharbord7n@sciencedaily.com,Female,63.227.247.15,14NiaupfUFDhBV4njsuDSP5f1uzB9Xx4UK
277,Shane,Marson,smarson7o@smugmug.com,Polygender,10.236.81.135,17hRhHgYEWiBJqvh9cW7exYf5bM2daAdWA
278,Allayne,Gutsell,agutsell7p@sun.com,Male,100.207.86.19,1Brsx7noq1PgmBfNnfs81tryByCdzbFFLV
279,Claresta,Bartolomeazzi,cbartolomeazzi7q@theatlantic.com,Female,94.119.142.241,1L6wTX2WZi1DLUnAu45ZUU56CkqnCawWAY
280,Issiah,Burchett,iburchett7r@mit.edu,Male,202.138.177.60,1MVxkpYrRbULPbDT1sCvyEE8SwuEyGwojw
281,Christoffer,Pastor,cpastor7s@uol.com.br,Male,239.33.63.162,1LqDBsX59WoUV6uEniSPk3YGzFYs9vSVej
282,Bobby,Maylor,bmaylor7t@cisco.com,Male,163.4.214.94,153fUppXsK4dcgBKptWiiL6LrzDBrJDAtE
283,Almeta,Lawlee,alawlee7u@mac.com,Female,35.186.14.215,15PXoz9U251Ci5vWrEbkUnn2VjxEWEAL6A
284,Ludwig,Lescop,llescop7v@google.nl,Male,191.135.12.190,17ju3e7ayfrsQAjHdwevFC7rFiqLyK2G83
285,Bendite,Sporle,bsporle7w@fc2.com,Female,16.219.114.63,1j3xQYgaoCbQShfFLjRvXGDLJzFyMdmBo
286,Dyna,Lorne,dlorne7x@facebook.com,Bigender,182.155.25.92,16br2wcR69DjYLbVroH42QjEvU5i2CpYkq
287,Lenka,O'Donovan,lodonovan7y@reference.com,Female,143.78.238.88,1CUZcg5djN3TsLuW3tNm9YHYBNRYm3RFAu
288,Rutherford,Kollasch,rkollasch7z@imageshack.us,Genderqueer,36.129.250.144,1ZKoqgyaqfMJCc9ipiuMWVoXUGBpukUTc
289,Rikki,Pimm,rpimm80@slashdot.org,Male,203.180.93.57,1DqS4SoRDipZ7VaqcVRdrbPs2NKCeTZ5wq
290,Virginie,Lochran,vlochran81@digg.com,Female,16.235.83.79,14PCRQpneoTNDzdRekedES7hS7ain1b2eG
291,Bron,Aubin,baubin82@hostgator.com,Male,182.240.151.233,1Jk5USh41W8mTPho9ZHi5hDgSMCbwwjUux
292,Berkley,Brissenden,bbrissenden83@yellowbook.com,Male,253.202.83.222,1FB6dyXDmC2Sn5fmnji9En6mBYwxUcsjxQ
293,Symon,Robertelli,srobertelli84@sciencedaily.com,Non-binary,111.232.120.176,19fAc1gjo6yUd5n7Hxb2V9RmGz4tqU4Zde
294,Mindy,Eggleton,meggleton85@quantcast.com,Female,100.37.12.231,1FbEYJx79epQF3DHPN6PELoVwz1TmZuf51
295,Kevan,Simkins,ksimkins86@hostgator.com,Male,118.252.134.141,1K6VopJiwBx84K5EDETbKcS6sPpaXotQVx
296,Imojean,Manuaud,imanuaud87@ezinearticles.com,Female,132.26.95.56,13xNDswQufUtPVvMHj24vvKKx2LfKUc3GL
297,Jourdan,Younghusband,jyounghusband88@shutterfly.com,Female,114.135.64.162,1FVFQnFZQuUQR4XARGsG2ySwHbXR9f7jt4
298,Alfonso,Mackriell,amackriell89@blogspot.com,Male,235.248.12.155,1K4NE7ynYf1K6EYAwJDVzA79vkyrtrFsb3
299,Towny,Elington,telington8a@uiuc.edu,Male,45.140.248.200,1Ba3yoUiSsXbA8ySf4gDD7fHt3GMJakuaw
300,My,Greenstock,mgreenstock8b@google.com.br,Male,56.164.167.19,1JrKtqjrp3v8WtSpMQjoNWjcjNjatYjNaw
301,Cody,Benion,cbenion8c@theglobeandmail.com,Genderqueer,207.176.28.175,1P6dyJHCgTEfB1tEmFXHEVSqU8hKsdTMVR
302,Justin,Normanvill,jnormanvill8d@reuters.com,Male,210.96.156.58,1CAEHYTYTsceVMQ1rUb4hspJ1bje9779B2
303,Vlad,Rook,vrook8e@smh.com.au,Male,46.68.85.241,15gY7wTAYfnAXUJghP4ozNe4fGhCSLKCR4
304,Lynde,Pedgrift,lpedgrift8f@earthlink.net,Female,51.170.104.114,1JftyCPSPduLdP9ZCzB3KBQJFY8fs98Bye
305,Jose,Copnar,jcopnar8g@vinaora.com,Male,37.23.136.246,1MRCy3HkWjjJaT9hdiWn6pDP9kshrqQiUm
306,Allianora,Beardwell,abeardwell8h@slate.com,Polygender,43.108.150.233,1PyBm6pJ1NG7EAmAsLoTMYkJeEWedi8LX6
307,Guilbert,Pargetter,gpargetter8i@ucla.edu,Male,101.195.91.16,1L8X3KboyB7n5MRig45m6dqXBLghEGwLem
308,Sacha,Gettens,sgettens8j@webnode.com,Female,120.215.168.215,1PgCSXuWNbakS91Dcfscpiq2gAByDyvKJb
309,Priscilla,Very,pvery8k@webnode.com,Female,121.89.214.31,18tZX1GcWaoh3yGLwsSdQt2EU6Gmn8oc3q
310,Emmie,Sunner,esunner8l@spiegel.de,Female,174.70.253.169,17HBNNcY6fUgHxmLguseGPZBVZsrcqZ5Bk
311,Barn,Bernade,bbernade8m@hatena.ne.jp,Male,162.114.214.217,16FKc4J9KSRGJP1kzKJYUJumKnv967G7zS
312,Rodolfo,Spybey,rspybey8n@lulu.com,Male,163.186.162.5,1BrEi5v9v8MKLtFDMDUAxGA9QWhKSuUucP
313,Rourke,Pugh,rpugh8o@joomla.org,Male,65.200.142.125,1HQhUhkQvCEYQTApsfEUjsiMyjs7w3wkx8
314,Berta,Ricciardi,bricciardi8p@ebay.co.uk,Female,141.51.86.68,1JHBGBTNvbgC154j76J9Q2eMiZFQQ73BxA
315,Arturo,Fairall,afairall8q@usgs.gov,Male,177.168.48.98,1388tWkYmFpq9uyCHFPxVSnnGxxZPGP1sq
316,Vin,Alway,valway8r@bandcamp.com,Male,224.46.77.215,1LQXL1oSEW3X1TYiWMGwCPhuFEe1xYdU3o
317,Karoline,Padbery,kpadbery8s@virginia.edu,Female,112.50.176.226,1CEQNvN5uen8UcQxWtjJrSAB42ZpKHni9f
318,Clarissa,Saintsbury,csaintsbury8t@over-blog.com,Non-binary,128.23.158.150,14v8NMnpZZGC711hQZjLjHxyMTAE86cpYQ
319,Bil,Fairhall,bfairhall8u@hhs.gov,Male,180.127.214.217,1GyEgutEi3E1x4WwYjM5zfnM5tXvypygJP
320,Bogart,Lanyon,blanyon8v@linkedin.com,Male,71.239.146.218,1C1vYdAQKE7RgWwNbSi4RvR24uJZDSn2qp
321,Hal,Sarjent,hsarjent8w@blinklist.com,Male,69.42.220.99,1Mf83QUnqz8MYH8rQDveuCF5R48Y4jmWwK
322,Dione,O'Dulchonta,dodulchonta8x@businessinsider.com,Female,156.219.194.127,18V3kZxWXNVDhSnn8x8rqf2ZfDXHDBrsHe
323,Marley,Ionn,mionn8y@blogtalkradio.com,Female,4.50.223.97,1AiqfmRW9gMnGufRgAtJs2gEvyaWsgQjVY
324,Arielle,Durtnell,adurtnell8z@digg.com,Female,248.109.82.90,1JRYVPsZmjhaX7YymazCwRu4S4wtHHwQWo
325,Stanton,Dooney,sdooney90@feedburner.com,Male,224.109.150.172,19Vfr8oKNJjMEjdifTUtJ8EFv3gcecrQi5
326,Merrill,Urpeth,murpeth91@usa.gov,Female,183.90.211.92,1KTYfEyjKMfeZhYvbo4obaWYKfcE1jwMM4
327,Lindsay,Trobe,ltrobe92@livejournal.com,Female,39.253.99.141,1Cy7ajoMpFJpcuH63arCzA2nF5hsDeLUBa
328,Bone,Hasnip,bhasnip93@china.com.cn,Male,239.45.243.169,16SchSAjomLLvCieckiRi8Qrfcvvk3Rvny
329,Bancroft,Coupe,bcoupe94@yelp.com,Male,132.54.125.139,1P1xVBHGYKtmwMzzgm5u691AGhko1xzhwZ
330,Myca,Dreakin,mdreakin95@liveinternet.ru,Male,54.180.46.66,1Gmdiz6sa4bqxCP8JPYGoD7wHkvjNMfob9
331,Neville,Rowat,nrowat96@craigslist.org,Male,162.112.215.40,1MvK5cp3DTMeLDpczC9tQFVrcsfWsTJsj2
332,Ulick,Chapling,uchapling97@exblog.jp,Male,122.212.116.152,18rQzDwvwipniPdcahdCD4RHwaMqoe1Nqv
333,Godiva,Scipsey,gscipsey98@imageshack.us,Female,44.70.228.251,15LmUz4GyzUDogFY9owM8FC2zhpx6GvLxA
334,Arturo,Meco,ameco99@ftc.gov,Male,153.185.127.32,13iApuFmkaavWni4rQxLLCedyVStcit8ZM
335,Grannie,Punch,gpunch9a@yandex.ru,Male,0.157.204.103,1GNUA9VfYnmwG4efbNneg67CmJuGmih35J
336,Felix,Gomm,fgomm9b@smugmug.com,Male,55.128.143.238,1JdyA7hSSSKo7N4uoewiLhaz2NBAAhffL8
337,Rycca,Stimson,rstimson9c@whitehouse.gov,Female,1.12.158.249,1GweCGG41PAxJ5JvMtisDNEUUtRz2cvhNj
338,Rodrigo,Jonczyk,rjonczyk9d@fastcompany.com,Male,46.130.27.137,19YXxmVaQqcWQiXgfR9xoa37RE9EJ7axYu
339,Dilan,Ritmeyer,dritmeyer9e@examiner.com,Male,175.187.112.246,1HWU7oTGvv6kaz64f6BGXgdajCT2RDmYCm
340,Doris,Clutram,dclutram9f@hud.gov,Female,252.249.155.72,16ga7ScszScBsgcvqzeh8XaDb1fMwqcn55
341,Gaylene,Edmondson,gedmondson9g@amazonaws.com,Female,73.187.28.85,15kGE1Pv7RsP4doU1V9AoXJ6s6f4TtZwvF
342,Hamnet,Shepherdson,hshepherdson9h@amazonaws.com,Male,190.85.147.202,1CCn8DzvkxDaDN8vJZwjiD8k9mHfky1Qza
343,Tobey,Pinwell,tpinwell9i@newsvine.com,Genderfluid,122.108.239.9,13hHczpJ8rTdCSFxhkxhgC8ixo28KGsAA7
344,Randi,Howgill,rhowgill9j@webs.com,Male,164.170.53.225,16gWZHy3jTG7xW5KhmZU5BWHzBEHtVgasV
345,Starlene,Maha,smaha9k@bloglovin.com,Female,221.106.220.26,1NXvz2BTCDZrABp2Vk4Rhw2GL6fEvevFoa
346,Brit,Twiddy,btwiddy9l@foxnews.com,Male,199.116.249.92,1MpQtFUQWfGXz8ZCPPJfQKmrWtH7uvXzv5
347,Avrom,Fishlock,afishlock9m@ted.com,Male,170.180.33.196,1Cp149tB5E12dmVZLDRGnzgcA7RPvzEvYt
348,Willard,Cattemull,wcattemull9n@house.gov,Male,54.237.17.48,1NeSbFvSN7ZKunGqaMRh3KcSvdNfkjU9xj
349,Marita,Strotone,mstrotone9o@elegantthemes.com,Female,183.177.244.161,15VzqpjeJfiS7iYYnbfGXPZz18RSqCuzi6
350,Kristoforo,Shilito,kshilito9p@sogou.com,Male,226.231.167.132,16pirBx6mARYAJstLQSEQBbvNmaBnTH8Rc
351,Wat,MacGillavery,wmacgillavery9q@cnn.com,Genderqueer,43.232.164.247,12yv5H5AapcENxkcbXUZmLEBKyid6jV3Pb
352,Marve,Furlonge,mfurlonge9r@adobe.com,Male,106.245.98.191,1JgurBxUZJS3ADqQiiCqUHKGkwnUKz8CUp
353,Helaine,Ronisch,hronisch9s@bravesites.com,Female,29.68.114.204,1Ht5CeuG1DsraVsKUaC3BGwdSMMashpEfR
354,Rees,Toretta,rtoretta9t@wsj.com,Male,55.165.191.10,15sz7nmdUxkdcSkDTDLL7vWA1ZrfAcDwVd
355,Selma,Monteath,smonteath9u@wired.com,Female,38.37.164.137,1HVGkDxyYnvuxRaUXTT6TAR6hioVFX1344
356,Beverie,Birkby,bbirkby9v@yelp.com,Female,89.1.231.103,199dYX1yWCNg2wWmAFnXW4YskP8k6V9eXg
357,Marshal,McMillan,mmcmillan9w@fotki.com,Male,233.132.167.43,17ZkuKxtjA4oZkYLyitNphtBcC79W5uh7v
358,Chico,Southerton,csoutherton9x@comsenz.com,Male,170.206.6.36,167CEZpajRTwW2vNJTEsKLjQoXKZVRX4Q8
359,Roze,Doerling,rdoerling9y@blogtalkradio.com,Female,17.242.254.122,14aX1jVWT2ySJgXtq9kYZDkV9zFkf5QJxw
360,Gregor,Redgrove,gredgrove9z@zdnet.com,Male,115.140.212.135,12NyPaFSigMEtid3ZcS8uVUDU2HKdDQ4gH
361,Alexandre,Abbado,aabbadoa0@simplemachines.org,Male,249.152.191.231,1PPVykGCWWcFxBwv5CfpisJgWbniUsaTgm
362,Kris,Tipens,ktipensa1@umn.edu,Male,79.105.189.3,18DJx36tHiQbJEmYHf9MdJbZau4nzaAKwM
363,Allianora,Peter,apetera2@spiegel.de,Female,109.239.194.45,1aumtqhnHbusA3vHk9hPxuPeeu5gdswkZ
364,Ashton,Oliphard,aolipharda3@1688.com,Genderqueer,71.254.24.213,19y1PcqjP2eWpPwzzHUxTmJYWdJ7NrsRbM
365,Damian,Piggrem,dpiggrema4@vk.com,Agender,26.217.163.10,1yE42bTr6XEVewrGtxhB8v6Yx117pLeEW
366,Lew,Lipson,llipsona5@berkeley.edu,Male,6.36.231.99,19BoqoNMPSZqx9CT1yxun5jHfeCcfKsbcT
367,Layton,Bunning,lbunninga6@ustream.tv,Male,79.182.188.107,1DXwA7X2DatSofBV5n1UayamkmAYWPh9Pq
368,Ody,Dobrowolny,odobrowolnya7@reference.com,Male,214.1.40.138,1BzEwtKzi6YnnHMk6aNTdsHKASjXahutEq
369,Ingeberg,Cohn,icohna8@seesaa.net,Female,159.68.90.81,12QLEoJgcsfuAeN7bHRpDmtz8DzoCjHAW9
370,Isac,Hosier,ihosiera9@rakuten.co.jp,Male,214.228.106.4,14W4LXDSNHwuYepodPxYBQ6jvevbohq5Vq
371,Hagen,Clifton,hcliftonaa@oracle.com,Male,36.23.10.4,1JS2TbYoLaHe1kajqXkpgwHWBvttuBhMsN
372,Frasquito,Matuszyk,fmatuszykab@yahoo.co.jp,Male,189.167.177.61,13UtDVN67DYMbGVJhcgTTtgUrqpFd898cJ
373,Melinda,Gilhooly,mgilhoolyac@51.la,Female,149.133.120.108,1PrPTTN64PgZsYQdJKDXZVy4eaMp4Em28t
374,Emilee,Lampert,elampertad@time.com,Female,129.192.141.191,1HDNR46KieUy1szkihVGVHkwse8GqNdpuA
375,Torrin,Paur,tpaurae@over-blog.com,Male,88.62.46.199,1JRx8my82wUWMhGsqKc1KvQJFpaWNEAznc
376,Adriaens,Harbage,aharbageaf@census.gov,Female,9.221.75.70,1ACV2nuxUSxVWv4cVZYyEXJfTq5futgUNk
377,Anne,Merrall,amerrallag@blogs.com,Female,229.54.33.135,1FcQqt3gQCtV5Sh5hAodgASubYrsCrBWXc
378,Kayle,Speer,kspeerah@ehow.com,Female,65.1.169.230,1gzMoToVkfJUMBYhwAb6rZiGQqdFswcb1
379,Herby,Mokes,hmokesai@tamu.edu,Male,17.243.83.39,1Q17SZhenpxdT81BGLwfnCML4np6oTpuKn
380,Lula,Baggaley,lbaggaleyaj@bizjournals.com,Female,95.207.166.182,1H83NhFMCU5hXo9avwPJuV5ge7pShejF8t
381,Jerrome,Gaymar,jgaymarak@wsj.com,Male,222.254.144.230,1KK6xe51Yscepe6DRWch2SddJa8CEEfVER
382,Morgana,Parradye,mparradyeal@alexa.com,Female,92.246.9.136,18YtavzjX7g8hSj9V82oAAuT9Bs76ufmeS
383,Gianina,Ferminger,gfermingeram@com.com,Polygender,117.29.55.91,13PwEtdxwu5fZ1evQSWrcVeNwuxX7Ur1nj
384,Jillana,Neising,jneisingan@is.gd,Female,132.117.224.230,1Z6WmG4TmnhAmhPMY6K3wnWCim73oyDjy
385,Bartlet,Brotheridge,bbrotheridgeao@google.co.jp,Male,116.205.200.59,1MXKQJbz2us1xRVD9jR2ipQjuxxurEe2eh
386,Aline,Ziemke,aziemkeap@lulu.com,Non-binary,66.120.202.132,1BEewnsizGTzytx4cxd1TXJjCigbo52zLh
387,Michaelina,Fishbourne,mfishbourneaq@uol.com.br,Female,24.64.184.232,1Aoa4kEHjFMdLfTcKYMdMzHjYt7wA5WTRm
388,Nannie,Inkpen,ninkpenar@purevolume.com,Female,158.7.242.69,1A6W8gN4QGaFVXeDGT5Bk5teepm154Jiip
389,Jeromy,Aldiss,jaldissas@a8.net,Male,165.245.50.54,112zE2hPERSEvij2oC7wpqhgCq8vLs137q
390,Clerc,Filyashin,cfilyashinat@state.tx.us,Male,43.173.183.118,1QEijmUzULkJHL73o2v8XsvQdr8mbKCz86
391,Fritz,Tamblingson,ftamblingsonau@ameblo.jp,Male,4.136.5.139,1MseLdV28mYTRGFP4FcLa7ZCig99z3Zp1E
392,Ramonda,Sterre,rsterreav@ibm.com,Female,249.187.205.241,1Bg8FJqerUjYxDbbtFvxnLwebE6zSCJ5QA
393,Gard,Stanier,gstanieraw@csmonitor.com,Male,71.159.119.193,1HWZye4cQdUVFBcDAXbfTPkMjHwhEzoeQA
394,Tamarah,Veldman,tveldmanax@gnu.org,Female,49.113.180.135,13yrHWcuuhPr68xu7Zn4f2LzH4iYDjYMkU
395,Margeaux,Meekin,mmeekinay@cisco.com,Female,159.23.24.128,1Fej3iZrWHkumfoCu7ShGHmHmHSC1f6oq9
396,Brice,Crassweller,bcrasswelleraz@washingtonpost.com,Polygender,48.97.237.54,15wtnFESWyZHupXsQZzSwRFjAn8zvMfHoQ
397,Fancy,Byrom,fbyromb0@unicef.org,Female,202.90.160.94,1LFTu2LmcbUX7d7J9rGRQhy4f98HjM6KPY
398,Darb,Suff,dsuffb1@opensource.org,Male,51.165.8.163,1J1fbrYKTwfoMprFzFLsoW4stKKANm5oH1
399,Guillema,Patience,gpatienceb2@irs.gov,Female,200.23.204.30,13pSRe3bzD5i4Wr8Ani97b8HVKDXaAq9VM
400,Vail,Abbot,vabbotb3@hp.com,Male,93.137.113.140,1PX6r1N13SrZXunFaQdqxKjfCXZuznqYHg
401,Cyndia,Thaxton,cthaxtonb4@dedecms.com,Female,184.77.212.104,19iLKDqdGjiZPM2x4TJR85EhRLcrC78qzY
402,Irena,Mort,imortb5@instagram.com,Female,150.131.61.129,1MHCXbd83WefZf7kZamfLWbc4SAGRDo4Rf
403,Kristen,Cutriss,kcutrissb6@cnbc.com,Female,113.212.255.229,19iYJv6A7EWw9ARSy1czM9NQ74qTCgMrHJ
404,Francisco,Inkpin,finkpinb7@wufoo.com,Male,145.227.78.120,1KnvmE3wf9JrF5wDUJuKnuLe7o7GuGAWT7
405,Mitchell,Leahair,mleahairb8@acquirethisname.com,Male,27.220.105.16,174oX1tfxpJg3FHE1VmjW9ygr2tSrGTAYW
406,Reed,Begley,rbegleyb9@webs.com,Male,94.197.2.160,1EbYAU8Yd4njEbMx1ZzewsEw5yYu15JbNk
407,Newton,Anthoney,nanthoneyba@livejournal.com,Male,252.83.197.30,1BDfeAsrBKMXzp1FaR9eXANKCMakromua3
408,Kelwin,McRory,kmcrorybb@amazon.de,Male,134.34.192.150,1McMgomLxvmUmffSGm89k1sooDRk8uYwHw
409,Catlin,Hainning,chainningbc@va.gov,Female,60.106.32.229,1CtWjh1eZz8qakA8S2HoHBJ1Ye1d3UrQq1
410,Lyn,Kevlin,lkevlinbd@bizjournals.com,Male,115.222.119.180,1C8CibDiwtGJ7DetPyCfLnyjK6xT75uK1u
411,Ariana,Vatini,avatinibe@issuu.com,Agender,237.130.63.112,1CQX4bKnoFH7eCu3MPf7aGjZcf8jAexfQF
412,Fraser,Mingasson,fmingassonbf@addtoany.com,Male,246.208.152.43,1Mo9kZoYw9RgCYyvVwVk8YB4VGCPTdsuwn
413,Jonathan,Buick,jbuickbg@qq.com,Male,182.201.200.15,1GN4RF3GykSA1BN2Mq5Pu1ixpaPYDhpMA4
414,Armand,Ionnisian,aionnisianbh@github.io,Polygender,163.75.39.5,12q5Kt53XMGoDqFEQ9URd4p9usa6F6d5v3
415,Hali,Itskovitz,hitskovitzbi@lulu.com,Female,215.38.216.7,1Lq8mp5buWJPVpZb2cmjqkjZu6zv4xeMGL
416,Hermina,Kynson,hkynsonbj@webmd.com,Female,36.163.243.107,1AmP3HmC6LW3X5jCPTiEep7WpcDAP2dQUk
417,Northrop,Shalders,nshaldersbk@google.pl,Male,234.63.36.162,1HSN4HpLBxS3fVncTdXQFo4HbXoHG9AFM7
418,Cullie,Lount,clountbl@xing.com,Male,150.113.165.46,1EzRCU49Y2GdB1hgc8o8uQ3cmsKWMyxRyt
419,Stace,Lewry,slewrybm@cam.ac.uk,Female,59.132.28.143,1NDG8Pe4eMzG3nhhGJ9cJFQAUsJznFq1cq
420,Palm,Clench,pclenchbn@abc.net.au,Male,138.5.212.147,1GgiZYBS81fQnNArDES28DscMMx8sH5RTT
421,Phylis,Heaselgrave,pheaselgravebo@wired.com,Female,185.195.169.35,1Bv4b1saTwnjEFTzfLZMSh8LpKJjaJ85nW
422,Elberta,Blowfield,eblowfieldbp@jalbum.net,Female,204.13.30.203,1FyK3j4Wqitr9eutRbCryQftpemM2mNuNM
423,Dari,Becerra,dbecerrabq@cornell.edu,Female,89.68.18.212,1AdV6tBDQZ7c2Er4yE4WCZE4ZGvxcfnroF
424,Joane,Benzies,jbenziesbr@wsj.com,Female,58.54.105.2,1LEaCDpvRNEZr845ccwnKPmEvDQiFJwP6Y
425,Bartholomew,Stonary,bstonarybs@stumbleupon.com,Male,189.43.5.177,12YyWQSZafXDPERCN9Rxb5o2okoAGHgu1e
426,Westbrooke,Duling,wdulingbt@free.fr,Genderqueer,166.213.23.246,164XWWiRom5KQLDzqSVeYvLcm6HPA6AFRq
427,Wilmer,Avramovic,wavramovicbu@wordpress.com,Male,187.106.123.88,1NHrvdb1hyM3YJLs5Mhpqm5ieBH6PkJNAp
428,Norton,Prangle,npranglebv@meetup.com,Male,147.105.31.75,17fmgPCPcNHLNeD9mjezkL9tfQpjxHUae3
429,Roseanna,Benford,rbenfordbw@dion.ne.jp,Female,9.53.181.245,1PSUZC15LQoef4isuViHYhVrmyQWbseoJo
430,Yancey,Hurler,yhurlerbx@statcounter.com,Polygender,85.138.229.11,15c7oke5xrubRHmHL876ssberiYLNFtqKg
431,Gayler,Knoller,gknollerby@bigcartel.com,Male,52.162.120.34,1M3kU7XFfsktHycqW15QE8pcyoQKyAYVDy
432,Patty,Mattia,pmattiabz@issuu.com,Male,43.184.203.36,16kKm5xrJjmTHDywRbKQYwDyLbvBMhLRGQ
433,Suki,Troubridge,stroubridgec0@imdb.com,Female,152.209.89.59,1abtfyTz6xo1H994RDWqQCvPuomrpCyy1
434,Honoria,Champain,hchampainc1@nba.com,Female,173.133.66.132,1AQ5XhPuMKo3YmVUFEcjbPaQJug4QcYut6
435,Letti,Waren,lwarenc2@wix.com,Female,165.4.4.254,1NYqkNEnBPwzVv6BXoY3p8AnCtGK8nL2TS
436,Rozanna,Tupie,rtupiec3@biglobe.ne.jp,Bigender,41.13.200.53,1LxS8UucHjdr4JM5TRDGDbB4SMT4sdxETn
437,Kathy,Outerbridge,kouterbridgec4@example.com,Female,219.29.227.167,1Mej8eHkyyvPgFknb2rDERgfKC3Gc88uaj
438,Antons,Chavey,achaveyc5@wisc.edu,Male,133.194.201.71,1PArpaxXeDqQsy3TbwJj5e4eRF5Ym6v7xe
439,Ellissa,Dripps,edrippsc6@wp.com,Female,198.194.113.133,1B728aoQmL9oxKwAQEUiUvW3XkWnp5CBhN
440,Ibbie,Dubs,idubsc7@cocolog-nifty.com,Female,33.233.74.158,1GXJeEoUPG8GXgSdzEpvQV77oNKp2WC4YN
441,Garrik,Iohananof,giohananofc8@naver.com,Non-binary,117.180.175.68,1MDsrLbAdGkydSC9N56iDLbik3Y1ZKgPez
442,Karon,Goulstone,kgoulstonec9@miitbeian.gov.cn,Agender,73.56.234.231,15peizp7PcwxESi5rNMJRy3mgVpcWWtdri
443,Mandie,Skelding,mskeldingca@phpbb.com,Female,133.13.147.168,12ufHcmv72EbrQ9MgqyNvc7vi4vCoNUpSA
444,Davina,Boote,dbootecb@marketwatch.com,Polygender,205.70.111.253,1GEbdY1jHdC3efr6F17FodpNWHnxDpzC7N
445,Pavia,Stringman,pstringmancc@i2i.jp,Female,164.50.16.52,1HePod27taPf2ne9i8HLiPW1EAieKqq9F
446,Aaren,Bamlett,abamlettcd@devhub.com,Female,54.241.63.172,1NN3XJfn8GPsSjZJLpxTNAY6FryBC7DaXe
447,Cris,Oloshkin,coloshkince@eventbrite.com,Male,98.1.136.235,14oukVfLn5aPq72UcyUoEHEknzkjE359m6
448,Rutter,Benettini,rbenettinicf@cmu.edu,Bigender,46.58.177.3,14oFzWiU97r5DzrWZNdeMs1B9hDnwfUxya
449,Eran,Kennally,ekennallycg@ca.gov,Female,136.122.242.69,121gCcEqXoXtYuR56iUnoFv1nXgzHnpddt
450,Tandy,Trewhela,ttrewhelach@123-reg.co.uk,Female,224.234.77.222,1H5FtiVnboS8XbJbtvv14xgzpk6mvA7LDM
451,Ive,Kinforth,ikinforthci@indiatimes.com,Male,203.118.225.210,17LJD5VQuPtwAxoecYqvfFSBCRPQBwxEuh
452,Clerkclaude,Belderfield,cbelderfieldcj@prlog.org,Male,103.41.127.223,1CpQbcwqpfdjEU8sFjL19hc6VzEvdfRn1S
453,Antony,D'Elia,adeliack@buzzfeed.com,Male,126.105.83.176,1Fh58nxwf87fDBEkH5pgQpVyDyv1QmqzAM
454,Keelby,Antrag,kantragcl@goodreads.com,Male,73.108.175.242,1MJmR9qN7MAjDtHams1PGq5TPnef1XiinZ
455,Cati,Laite,claitecm@google.cn,Female,8.110.72.144,1PdJhNk9AYrhhrdhyuy2PccKGWEHKeGHPF
456,Nikki,Jonke,njonkecn@mit.edu,Female,224.163.27.122,1Hhm5SjZoFHugfN9HaS8pEviR4GXuGb5bC
457,Zachariah,La Batie,zlabatieco@360.cn,Male,241.40.114.79,15Pc9k8F3AKKpEj5WeWqrUZyXSQeQp9Dkq
458,Kayle,Mabee,kmabeecp@phpbb.com,Female,164.93.69.47,1EcnDZDBaNLhe8YvA1vg6BX6CHMaGwhFSo
459,Margarete,Stoodale,mstoodalecq@imgur.com,Female,91.83.104.181,1Ca3gknZ5MdsgeJAgpnifB2W2RG39kFFLm
460,Corilla,Hafford,chaffordcr@toplist.cz,Female,4.160.52.14,18u3FJjpTm8Q9CxbMBcZb1LRoAVFf5X6Wv
461,Bran,Colegate,bcolegatecs@theatlantic.com,Bigender,171.255.187.129,1T4ce8x5xsvQRJxtWrpBDouUpp7YrQisU
462,Jemie,Goathrop,jgoathropct@cornell.edu,Female,247.57.143.158,15Li64qJN4Wz2jQgqE4AnhMYKeofEYGSWo
463,Tomi,Selly,tsellycu@friendfeed.com,Female,114.149.39.29,1PzsgvBB2kcJpYEJvtrBi85vnxt9nDF1s5
464,Jedediah,Kenningham,jkenninghamcv@storify.com,Male,153.20.156.119,18BfhbrcH3GBRECW7EP75oGdGEwbcRf8MV
465,Peg,Malafe,pmalafecw@ftc.gov,Female,8.137.82.92,1E5LWLZvgvTvFBreKYtuuJXrPeyFwfzrk3
466,Timotheus,Mullineux,tmullineuxcx@barnesandnoble.com,Male,184.215.152.42,1Kd2e3keNgpDevKCAd6FuMRqmFWixRHHM9
467,Ramsay,Lafontaine,rlafontainecy@com.com,Male,91.6.185.112,1EtizK6vfXwTUHnVSQAPKsh9asKYnTx8os
468,April,Lakenton,alakentoncz@wiley.com,Female,249.79.12.251,12SUjEryKkofHn18sC4GK1KxeiLTvT1CNs
469,Rogers,Everest,reverestd0@amazonaws.com,Male,97.245.197.169,1HQ2g5aSNy1fFrMtKYLPfxLiF5JkHJHv2
470,Steve,Hurles,shurlesd1@accuweather.com,Male,111.250.28.98,1KkgvsXiSKDKvDZhcyCqSV7hLprirAraaG
471,Waring,Parlott,wparlottd2@edublogs.org,Male,148.11.159.229,1CvGMDG81e441wm7CWi5nXkbLL3zwsRfvX
472,Floyd,Goundry,fgoundryd3@bing.com,Non-binary,64.241.11.93,1CSbRwqr8H1qAotD5EFrkFbrcksxUiUnNr
473,Jeramie,Dainton,jdaintond4@a8.net,Male,17.253.160.73,1EkrNmA5pvCbnB85dGi1Vk74ojn2WR3jEg
474,Oran,Kendred,okendredd5@google.pl,Male,12.16.59.190,19wZtyMxxdGshkatBNm94a8vc8Hp2t9rsV
475,Gretel,Etteridge,getteridged6@technorati.com,Female,35.82.166.81,17j3PaAEy6HZSfs8njMFAD6MF1gQu4FumG
476,Zarla,Wilse,zwilsed7@princeton.edu,Agender,252.233.185.138,1HzxYShj7B8y9q2i295yt73KhZxNVJqruC
477,Dom,Mileham,dmilehamd8@soup.io,Male,193.241.60.163,1M2sunxQPXSs5DJuF8n9P8RD93ktzfSRQd
478,Reiko,Beggi,rbeggid9@123-reg.co.uk,Female,234.53.28.196,1tBJjAqV7r48ZvrqGi2rkN8GUNnzaAUbS
479,Annette,Cohan,acohanda@netvibes.com,Female,239.238.200.16,1CNjtB2aPEPK533zRpygTxu4p4qcrWRH5M
480,Jack,Sorel,jsoreldb@cornell.edu,Male,92.242.184.10,1NMFsXcf4ENRGWm8KWx3zPeTJm4i6SvPod
481,Rene,Harlett,rharlettdc@nsw.gov.au,Male,233.186.124.78,1KsQT232JCaZmcub5ctXbVKTt7Q61oZpcw
482,Brian,Joules,bjoulesdd@tumblr.com,Male,239.155.238.253,19mSd2bBUTPYxitZYXuY24VfGV3pqBzVRL
483,Lottie,Hilland,lhillandde@mysql.com,Female,24.135.167.159,1914zRVAURJARG7RHrjo9qXNd6APSXwhm6
484,Karim,Duding,kdudingdf@deliciousdays.com,Male,142.122.147.69,1PwpxmcN6eokYrCYJfwzXxSRvJZbmtPetV
485,Fran,Sodeau,fsodeaudg@ucoz.com,Female,94.245.121.172,13ERc1PdvcrnN9JThvnmwHkJeeRL8xNHPU
486,Zuzana,Skerritt,zskerrittdh@yahoo.co.jp,Bigender,252.180.179.49,1714T1JM14Paji1w9E8UWHTGGQuDpJb2Nt
487,Albertine,Whiting,awhitingdi@mashable.com,Female,122.46.4.39,1B8o69GoStQC7nRt33suGHj27SFQpRcXqQ
488,Chas,Lamond,clamonddj@desdev.cn,Male,211.68.161.132,1PnXsQFWbmnd7sRKzZyMKAnvusBGUkTMW5
489,Julianne,Cutill,jcutilldk@imageshack.us,Female,162.239.17.55,192d657PNgzvVYjwWZY69MqZoefEGGT4JY
490,Tiffy,Meaker,tmeakerdl@nbcnews.com,Female,176.229.86.146,1Hg6HDDqrEuByJiCiuLVz4Befq7hutZwWg
491,Rosita,Ducarne,rducarnedm@infoseek.co.jp,Female,174.182.244.34,15pGhp6bDDfHqifVH5cLpQ43fkXo9cUini
492,Pepi,Clopton,pcloptondn@cbc.ca,Female,45.77.215.106,1AGbpUCfPMTaosRpw7p9VZ4wGnhGsEt6te
493,Lucie,Parkhouse,lparkhousedo@cornell.edu,Female,30.103.170.3,1EaxyzD6aTnYwaeMGCAd2SvXrVihKpjLVt
494,Troy,Fasse,tfassedp@chron.com,Male,151.14.81.109,1FUcNm5hKzAA5sLLkvuEW7ZPWbsMHfzFJh
495,Jania,Andrzejczak,jandrzejczakdq@zdnet.com,Female,6.201.207.97,1BkBusjMvv8W8emNNnrowH4X15D6TUDKXt
496,Dore,Renne,drennedr@hud.gov,Male,0.62.238.186,15zk1dkU8wR6gVxpdK9tZN5V8bcFKPJtQZ
497,Brit,Parfrey,bparfreyds@walmart.com,Male,166.219.89.89,1GjLJTb7ug2dDTLwmvey6VF5AsS1MBspRc
498,Hillyer,Saipy,hsaipydt@usgs.gov,Male,219.126.251.238,1PjgWuNnDZhfcfqfgxgVcoMKJqD8AxrRGA
499,Ximenes,Sperling,xsperlingdu@ibm.com,Male,160.15.72.171,15kkt2CJNjoA4G5jJhcKDnt2NAEj9p4P5d
500,Mark,Longmaid,mlongmaiddv@disqus.com,Male,80.32.190.17,13LbbgGZjK28huH3raptA4Efnh2hwGdpTn
501,Janaya,Chaff,jchaffdw@uol.com.br,Genderfluid,105.16.212.117,1ErZmvGbC14DQsUb53BwayVKMUTddS8D9a
502,Ashlin,Curphey,acurpheydx@salon.com,Male,88.181.230.6,16J9MrPLcXtWzvsFD6FxTnpT1Bb1KH7xsL
503,Samaria,Alban,salbandy@army.mil,Female,186.70.201.117,1NiQ4m9E3gch7a21mmQouTyXgp3EDBfjdN
504,Thaddeus,Goneau,tgoneaudz@msu.edu,Male,196.137.105.60,1CWtja7Vigc8R1WAMtJnnDsFa4mjG1TGh2
505,Bert,Olivier,boliviere0@flavors.me,Bigender,60.166.72.33,1AN69JREFynumWpdhjk9RpA6es5vVgkaqJ
506,Westley,Browse,wbrowsee1@nydailynews.com,Male,11.189.143.129,179ggqm6WFRcbN2n1r7QbhJ99xgNPxEAkW
507,Bobbee,Methley,bmethleye2@foxnews.com,Female,82.125.149.31,1MSBduf8ZHPHRreFDdRgwfNLPotycrn4X1
508,Ruby,Whitrod,rwhitrode3@constantcontact.com,Female,69.36.247.112,1CKirZKfBTHkxck36n5UcHXynm2oneJRiT
509,Holden,Ragless,hraglesse4@tripadvisor.com,Male,94.218.15.243,12W7na6ei72RztroYjc573YDSE85WixAeg
510,Alvan,Fyldes,afyldese5@google.co.jp,Male,237.201.51.57,15RiEUV8wXJT9uvqSs6DFhQhhF1D6LsJEL
511,Giff,Peet,gpeete6@miitbeian.gov.cn,Male,180.19.196.134,1KSHEXSc5n2GG8GLyXnFJRC4Nvu6J9KwYs
512,Penny,Peschka,ppeschkae7@diigo.com,Male,240.11.43.243,1Auf3kJHfPVD9rRjTeV4GGueegsHPY9F3N
513,Teirtza,McKevany,tmckevanye8@angelfire.com,Female,192.33.194.103,1FE1ZavzMUJYsymeEd1AFS13xFZXL3QyvR
514,Pincas,Dillistone,pdillistonee9@discuz.net,Male,52.184.191.142,1BYGvWyQyU1PKv1B2rwdFSRrC9J8mzM6D9
515,Eveleen,Grimmett,egrimmettea@xinhuanet.com,Female,67.95.49.163,14XgYnZETCthDtCff91v1eu5B2hTvHXo2o
516,Angelia,Brimblecombe,abrimblecombeeb@dot.gov,Female,157.211.167.164,14nxyYM9YLy6tVsx4zCcPDtNF9SgCPuw7B
517,Lillis,Ucchino,lucchinoec@hostgator.com,Female,113.245.177.234,17ts5sv2ThnEa9FHv3LXsPbqTkbDJfFCYs
518,Micheil,Limerick,mlimericked@ucoz.ru,Male,113.215.93.79,17obPhP5bBsuAwDFi2CXhH7NeHKBE2pUaK
519,Delphine,Glayzer,dglayzeree@symantec.com,Female,9.155.196.28,1DUkRwMmiDd78GTUXDeufeUWgC9DiFL269
520,Farand,Lanfere,flanfereef@dedecms.com,Female,46.71.140.111,1BqQxTGqaL7PVxHxEug2rt3G3uT3NCoE5q
521,Bertie,Lockton,blocktoneg@boston.com,Female,219.201.129.189,1FHCThECcj2YH6LnHri9Tfj2XGvsosg32m
522,Diarmid,Wastell,dwastelleh@disqus.com,Male,199.90.142.175,1ETD7whYzPFmV4Ng3LpT7QdxhWR9RzkHNd
523,Robbert,Sigg,rsiggei@msu.edu,Male,112.137.113.108,1DRCeqwyK57G53msN4yA4aQDJLauqwCbJQ
524,Quintina,Spriggin,qsprigginej@ihg.com,Female,217.240.78.252,1NsyU2qNeBdZdWPR7NtQi9QwUYezTCJySa
525,Jecho,Beviss,jbevissek@blogs.com,Male,202.97.24.213,1JNHyNdYSNFeXwDkTtjZcKo98wxfzo6Y5p
526,Odelia,Bottelstone,obottelstoneel@privacy.gov.au,Female,223.184.100.63,1HJUQd2YZB7HALrerTT2ffBeGFRqc6QUKZ
527,Allistir,Goodfellow,agoodfellowem@home.pl,Polygender,215.138.226.7,12aAiiVZkppqQdrq3FNdaHR1tLFLVSUxm1
528,Claire,Hardey,chardeyen@wikipedia.org,Male,44.190.92.239,1HCTjc7uChTKsYtKSCRdayHgEvMaD21yqz
529,Zechariah,Klimes,zklimeseo@feedburner.com,Male,126.121.96.154,1DuvRf3yf1Ry7i9FUkmAFUbrZRCRFrUV3t
530,Suzie,Cruwys,scruwysep@yelp.com,Non-binary,75.163.191.137,115kxoT3S1QW4exWw3K96t3D6dXzhMMpGz
531,Kevina,Brewers,kbrewerseq@google.es,Female,232.168.3.38,13jyTCXfFRbVqa8hJco78xgCzGGgKSk7vF
532,Hyacinthia,Kira,hkiraer@unicef.org,Female,254.233.22.140,13KoQzWohVvVhxisyhB3yvCJGtxMg3pdxP
533,Nelly,Stickells,nstickellses@ebay.co.uk,Female,181.168.222.108,1J6tfQScgrbkAKHz4ijL5sq6AfMksKnnas
534,Malchy,Aitken,maitkenet@wunderground.com,Male,236.159.189.58,1K1Wm6vqB3PuamQgt7Qc61jxNP9ZjcHFRN
535,Donny,Barthrop,dbarthropeu@squidoo.com,Male,68.74.165.68,17K3hq11ZqqtuFhkDKoUHcfT1Jjb5j9CGC
536,Meaghan,Eynaud,meynaudev@cornell.edu,Female,168.12.117.193,1Ghk8W1KLF55MMBrwWMjEib5qsTTqrNRXe
537,Kipp,Van Schafflaer,kvanschafflaerew@amazon.co.jp,Polygender,174.111.186.136,1AhW1jxvHB4QVQeFVGhne3Z3G28ozCEUyu
538,Stanton,Libbie,slibbieex@adobe.com,Male,34.77.86.250,1FphB5k14PCFsn28BaSpnCN37BqLhZdo7q
539,Tessa,Minker,tminkerey@fema.gov,Female,16.95.235.55,1FmpWoraH23nEX5MdCheN8L7dvWLT8fgMr
540,Ephraim,Extence,eextenceez@yelp.com,Polygender,193.105.85.53,1KmD2NdFNjMRKaWErbFjSBrig4xyMhK4UC
541,Sheelagh,Gaunt,sgauntf0@house.gov,Female,112.219.209.222,12S56H6ZsaLS2ZimvXeLceLkpJToQeqG4K
542,Avrit,Knok,aknokf1@people.com.cn,Female,214.127.40.156,13NtJ6zceXhmXdT4BioG7oZXEbsD8XidiB
543,Salvidor,Siward,ssiwardf2@yolasite.com,Male,207.235.231.52,19JYg99M65Z47YPZFUSf4eYNNUoMYkjDvL
544,Evangelia,Hammerberg,ehammerbergf3@cmu.edu,Non-binary,33.243.114.176,12Z3emXUVjkhngTWhUV5xcFT7YYh42HyFY
545,Elisabet,Paulitschke,epaulitschkef4@cornell.edu,Female,87.4.6.187,127itpDE4XDCnWFfopbhgWbE5bVEGdVsfY
546,Mar,Markos,mmarkosf5@ovh.net,Male,46.71.88.150,14YbTp7dnQVrhZRYprzeY8P55unKuZMUVa
547,Waly,Ramelet,wrameletf6@merriam-webster.com,Female,54.47.231.111,1Mo6nSBYuvoeWaV6ZFEN7gbzWxVCiFosLQ
548,Lorenzo,Petkens,lpetkensf7@bloglovin.com,Male,126.102.13.197,1EjkwdbY7gJ6V8Mjch6yrUV5RLHjrkgXvw
549,Elsey,Guinan,eguinanf8@flickr.com,Female,58.53.15.251,1K72t8kGZDz21twTmZsbob5hiC9iDQFD2E
550,Verine,Beckett,vbeckettf9@xinhuanet.com,Female,28.100.251.120,17nmWjPvpWYDpCb1Bka8hX994LvmEUnEvj
551,Meghann,Parnall,mparnallfa@furl.net,Female,30.231.102.65,17FAsMzfsa5pvBUjZ4Jet3ChVxFUQjcDJ6
552,Esther,Douch,edouchfb@weebly.com,Female,218.97.235.153,1LgineGYdrDaGKFMDjMgq59TAfkjnqmCzh
553,Pip,Halifax,phalifaxfc@ihg.com,Male,173.202.62.117,1BnA6wnshccQTBZwvahmuAWpQzBTxvndb8
554,Cheri,Zoppo,czoppofd@globo.com,Female,218.19.155.133,146RKePZK4V6MopZxGBkktMqxsnvsydCnp
555,Adolf,Aujean,aaujeanfe@livejournal.com,Male,60.212.167.10,15GBPdVzr5EppHTtKvpYmJyp6EaDVUArib
556,Everard,Tompsett,etompsettff@mediafire.com,Male,96.79.10.101,18mgJHccjYbKEy7Ho3b6dy5NSLSMBMgqWL
557,Madelyn,Aronovitz,maronovitzfg@zdnet.com,Female,113.113.154.104,1AYyhYjFua3ap6LQgr5GD36yP3CetbZ6Ks
558,Ingaberg,Chastaing,ichastaingfh@privacy.gov.au,Female,194.174.151.13,1CNuNxKbTP92twGqTT8iWLcvpHUDjn8rQk
559,Katharyn,Fitton,kfittonfi@squidoo.com,Female,116.37.7.240,17v6VdzSUdfe4kPxYUSnBM3gvvrCnxkdX
560,Bertram,Scade,bscadefj@artisteer.com,Male,166.141.186.147,1FQQ9zJHbWNWezmUZjBiergoATdHKvpzDm
561,Ax,Blatcher,ablatcherfk@amazon.de,Male,24.215.208.196,14Eb6Lev9Bt7fc9f9fUBq6BauyBXEwGWjZ
562,Miranda,Lemme,mlemmefl@chron.com,Female,59.210.131.1,1QmpRKNCfRDUkZUd6fe8Wcguzkz1hEZEw
563,Arnaldo,Minico,aminicofm@craigslist.org,Male,228.240.75.45,1Pj7xgGLqWnKKYdpbLbc45tx7RJCYWM63y
564,Josiah,Gisborne,jgisbornefn@salon.com,Male,212.211.189.123,1FNkw4fFmMeYdfzFa7kX8YdHGy3BTGQtRr
565,Gusella,Wigglesworth,gwigglesworthfo@constantcontact.com,Female,81.14.14.44,1H8X7LCyKnVdPUBCRqMT2yHGVWsWN69tsv
566,Debora,Van den Velden,dvandenveldenfp@cmu.edu,Female,28.190.193.12,17MfYLya4ei4jWxnDnXCoKTtmttm52XEcf
567,Joeann,Dufaur,jdufaurfq@mysql.com,Female,236.89.19.186,1Gm54yQNZwhyMbhhVE1HqabjtNoym8Riwi
568,Tremaine,Bernardet,tbernardetfr@omniture.com,Agender,70.245.17.247,12xdktcLWUgpg9x8QH8fKnZiAVi7cvNwQM
569,Lettie,Churches,lchurchesfs@tumblr.com,Female,40.218.144.130,1HJFHLZ7X42ScvG4H778EeuJa1oLTehbB2
570,Vonnie,Gay,vgayft@gnu.org,Female,206.49.155.179,1MDqjdFTms2m8WE86C4k6z1jkjKxjrgNDc
571,Allyn,Molloy,amolloyfu@cnn.com,Male,16.73.149.67,1LnYHsei9AVU8i2Rezi9rAKyQvdo26mjn8
572,Betteanne,Turfin,bturfinfv@cnet.com,Female,17.81.210.184,1AgDUsavcSLCmLW437kTKSK3xwu2D7nfUz
573,Sunny,Wivell,swivellfw@taobao.com,Male,50.89.44.230,13PeAcGfvbcaLXEVLueeNYpNhn4oG69wJu
574,Harriett,Hydes,hhydesfx@google.com.au,Female,194.167.107.98,12jD9Jh5p2JgTZ9GB4Ahxjd4bX3BHULnQW
575,Ulrika,Gaskamp,ugaskampfy@posterous.com,Female,71.13.176.175,1F7UJtLvhoJ6orDjf194MJCig4XPJDKRd9
576,Bourke,Ferrand,bferrandfz@studiopress.com,Male,241.43.79.55,1BMHz8CZp2PhDhQUNApZocCixyBDbq65Xe
577,Ly,O'Rudden,loruddeng0@123-reg.co.uk,Male,174.208.24.115,1AujWwZqTCnoTDu7PxfEGJ25bgMMFc6n7V
578,Karisa,Harrild,kharrildg1@answers.com,Female,154.40.232.88,19NYit8wxubhSynujDAntdYfQx8tfnViRh
579,Julian,Klamman,jklammang2@fastcompany.com,Agender,131.26.59.126,17UdWdZvbp4hhyRnjBE4CAhrfw7V18mEUJ
580,Odey,Ketts,okettsg3@umich.edu,Male,185.244.210.14,1JRMGJGA1wde4Gio6uevYEdMeVfu4k37f3
581,Mora,Hullyer,mhullyerg4@creativecommons.org,Female,132.17.225.194,166aEKrWHUfk1EbR8ZeEDiJKn6MmTMo2wo
582,Malvin,Sharman,msharmang5@time.com,Male,14.231.134.128,1CA7N6SXY6atznvfijoaXmpXHFPoDgeLYv
583,Missy,Cowdroy,mcowdroyg6@usgs.gov,Female,47.116.89.182,1d4LcdmNMG78f1Y267EhwRbMwaPLdzVM6
584,Jephthah,Schurcke,jschurckeg7@wikimedia.org,Male,230.61.247.253,17EKEmo6vRLJLaiUZgyC26ov29FpjQvAyb
585,Maynord,Klassmann,mklassmanng8@yellowpages.com,Male,94.231.8.161,1LYAgd9DKCTfKqWACkkjmvH1PER9WEcr3X
586,Creigh,Galier,cgalierg9@bing.com,Male,64.179.203.108,1Du3qghD5RUStDfxDVWxvvsX6miVczxpXP
587,Dalton,Godilington,dgodilingtonga@icio.us,Male,14.16.64.4,1BEMKgon6zvAFKHS3VKP1yCsLZPz1nV2x
588,Zaccaria,Schoenrock,zschoenrockgb@bbc.co.uk,Male,184.16.175.222,1KhzC6ag5F1LJ7Ka98zVb5CA5aWqkLsDXm
589,Ezekiel,Garrique,egarriquegc@pbs.org,Male,233.100.229.148,17zxLMjoXG9tXAq7LGGKeUwfDWf3eMcToS
590,Gigi,Rea,greagd@virginia.edu,Female,155.0.218.0,19gjXPyCLaTXUwKNPYcVxww128Rfovnoiy
591,Rosemary,Burley,rburleyge@netscape.com,Female,154.92.108.231,182VsMYSNMNDJEpGraH3QFWsjEGsqQRE5H
592,Matty,Despenser,mdespensergf@1688.com,Male,106.124.91.111,13dxxw1MBUmAuMmXuZWD2KZsM3QFU84Q5g
593,Almira,Lackeye,alackeyegg@msn.com,Female,23.199.152.26,1At9X4WYwezfiTWWCf1oL9fEiRZePTFQxZ
594,Jan,Pickover,jpickovergh@hhs.gov,Male,177.65.62.237,1Jdci18JKp3yRjcLaRoRakQoqTTJTWtheA
595,Arlinda,Boxen,aboxengi@senate.gov,Female,191.110.167.164,12sKQFGxaHQMZc2vau2ehtYYYQ4tQ6eC1g
596,Filbert,Harlin,fharlingj@bloglovin.com,Bigender,97.123.151.226,139wQR2jaguNCi3E4d72wsrDkePGoenDtj
597,Carlotta,Pre,cpregk@alexa.com,Female,214.218.79.247,16ZXiUtfGkoUhLvWpgAHHe4bukS1UpZYsM
598,Vannie,MacQueen,vmacqueengl@networksolutions.com,Female,184.149.238.42,1MKZmzRzfLfac4QSWQRBotYkjsbzXbF8F6
599,Tania,Cran,tcrangm@washington.edu,Female,192.61.214.171,1HFm3WzfbQ3ACoPGZ6dUKJBLSbRm57sLEh
600,Gertrude,Bernade,gbernadegn@blog.com,Female,18.136.46.170,1KS4h8KwVgWVvGYxpiVw2h9okvcKCoeNrN
601,Sybille,Fellnee,sfellneego@washingtonpost.com,Female,67.15.213.237,1PPb16wk87tTKfGsSH37kTUxbih729YydB
602,Lissa,Martins,lmartinsgp@sakura.ne.jp,Female,161.218.100.234,1qdfdxYZKPpecsamKoAosYLZ6j7Kretvk
603,Lorenzo,Dourin,ldouringq@dell.com,Male,149.168.236.243,1Z5XM3JpNNZLZ3nVC9DysGe5MsnHG2Ke8
604,Genvieve,Greeveson,ggreevesongr@unc.edu,Female,186.112.148.44,1Lo7h3DJtGFemex4zsDJcFG9v7AhUoihXK
605,Uriah,Ashenhurst,uashenhurstgs@thetimes.co.uk,Male,169.55.127.137,17htD2qphLcW5UmnKu7rsjQ21Cjn5SnZw4
606,Frederich,Laxtonne,flaxtonnegt@tumblr.com,Male,249.3.154.169,1F35HM3mj68mqxMo2mupzFUs1B4uEAZEM2
607,Nissie,MacDunlevy,nmacdunlevygu@aboutads.info,Female,55.33.245.8,1AeeKacuHhURYDoWzw6DQSBUS9dZ4qmMb1
608,Sabine,Ewing,sewinggv@utexas.edu,Female,6.214.223.248,1J1Pf77fU9ioufR9XyYUYXR9kFLEbVsiTJ
609,Diena,Josifovitz,djosifovitzgw@alibaba.com,Female,21.80.249.90,1CFBvuKA7gGSVNapKwPUuqQkeUd3qkn82J
610,Renee,Lampke,rlampkegx@fastcompany.com,Female,195.253.199.33,1QDJBcLW2Y14pGg8BU2VfULCzRKRh2hhgg
611,Freeland,Gillino,fgillinogy@phoca.cz,Male,126.207.75.109,1M5zkwrgiCKQy7B3shRAEyrVgpjNYm2M7U
612,Johna,Sullly,jsulllygz@blogtalkradio.com,Female,72.251.44.104,1MgNc6WJ63d52NwmnsabP5NDj3uyw2VJYr
613,Berke,Shovelin,bshovelinh0@paginegialle.it,Male,208.173.177.127,19FdmeNo78nAeQV7G3dfaZMPoNquEVaG6C
614,Josefina,Summerlie,jsummerlieh1@nasa.gov,Female,163.81.213.148,1PcBqjRfKmfToQJsqEDQwDFnUkbitKHbKp
615,La verne,Aubin,laubinh2@godaddy.com,Female,67.132.32.153,1P35mWTV7T8swoXvqkZiUrV6cu2DP4ymJ2
616,Sybil,Gander,sganderh3@chron.com,Genderqueer,192.153.133.131,176r6h8AtmaHgkGpdqmgvArH5xMczo7iZa
617,Nehemiah,Jochanany,njochananyh4@ted.com,Non-binary,207.205.231.117,1LnN6q4KPZU6fw9qQNm2LcrvLQcCQ6D1ZT
618,Lucas,Ilyenko,lilyenkoh5@gnu.org,Male,98.186.210.104,1vk3qgXnudspTJyue1gXSEgLkR9LpuH1n
619,Fanny,Fine,ffineh6@aol.com,Female,113.19.175.5,13GnAzRC1hA3n8A6T6Bzvpp2rGMeybza27
620,Charlean,Frankum,cfrankumh7@salon.com,Female,27.34.178.120,1ASfM8PFEZTsp3bn5QBnGrvbn4PKV35Rde
621,Davis,Ellis,dellish8@canalblog.com,Male,158.199.84.254,1zvdMnJ41c2p5dB4nfvFUeimNMcnUiiUD
622,Deloria,Hessentaler,dhessentalerh9@toplist.cz,Female,60.40.174.87,1LJomYbKshfZDraDvW66bzXYf21aYAJfpk
623,Karita,Verrick,kverrickha@dailymail.co.uk,Female,101.29.152.42,1MA71WWARMNpaF8kd3fdwz5YHLuadgtX53
624,Donnie,Simenot,dsimenothb@163.com,Female,122.180.161.5,1DEUzzhP1MPq9zeY2BnDJttghz2RsxfcKG
625,Matthiew,Tollow,mtollowhc@ameblo.jp,Male,87.88.71.179,13UnGzu6wWfwFD3Zfy7GywNxsb33NJ7Dnc
626,Saraann,O'Bradden,sobraddenhd@elegantthemes.com,Female,115.191.12.233,1D7oMxAm2N8VLaD2xu2eatk9kpNdkRv9Nt
627,Sheridan,Mobley,smobleyhe@salon.com,Male,195.57.197.120,1Ky9sddTfivdsfB5FvTgXUxwaYGAw99Gmz
628,Constantia,Fearenside,cfearensidehf@cocolog-nifty.com,Female,81.100.70.18,1HJjDDg1duQe7MPY2iFyHoVStT7M1cRYMk
629,Hayward,Mounch,hmounchhg@ustream.tv,Agender,76.255.50.221,1BjuEWzFGN9AT7nwJV434SSxCbvzg2cMLf
630,Horatius,Bownde,hbowndehh@bing.com,Male,135.34.86.75,16kSCNcRNBsdQeVtrNs9CX4ughFPVHUnf4
631,Tiebold,Drejer,tdrejerhi@alibaba.com,Male,255.95.196.235,1DNrzdgRG7tTksjYXhAgrsAozQZnctT39J
632,Brunhilde,Carwithen,bcarwithenhj@gizmodo.com,Polygender,199.114.199.124,18id5HH9CtitGhRyrqpnh2DioDSHjV6nH1
633,Diane,Measures,dmeasureshk@scribd.com,Female,31.78.248.75,1EWT4XCaReWFsQDJA7RGFggZUTtZH85gmT
634,Aleda,Curado,acuradohl@java.com,Female,94.108.105.178,1NHA3jupMgiE2PfhRLm2NDqaZhj37XwQ7Q
635,Herc,Cruxton,hcruxtonhm@wikia.com,Male,181.34.64.131,1LUTh7WE4MJW2EMqPkRuwHDocHczTWYN2h
636,Merissa,Wethers,mwethershn@sina.com.cn,Female,113.75.185.120,16MdDtvYL4BHewKiG3Rj2yVEckxY6FRQjs
637,Dominick,Aisbett,daisbettho@sciencedaily.com,Non-binary,96.217.31.173,1EZdqqxdyQeLmrGfA7uHJ7F8b5wbm9y8RW
638,Fredek,Bosomworth,fbosomworthhp@zdnet.com,Male,208.247.19.55,19h1XmvYpiZTDMTvKXEnkWjCxjXCPZzKcn
639,Brook,Swinfon,bswinfonhq@dedecms.com,Female,126.6.171.218,1FaYBH2SfpC7W1cP7hxDzhQZkNkacLYeef
640,Olimpia,MacKeeg,omackeeghr@chronoengine.com,Female,79.183.68.138,1MhvzGKEyx2iJMKgdb3H2dJ9vLC4B6FkmK
641,Ezechiel,Deeprose,edeeprosehs@last.fm,Male,6.197.218.206,1A1cm63WCfF1jkgFH3aRhkfpEyQvHGGyVw
642,Mommy,Groundwater,mgroundwaterht@ca.gov,Female,99.70.126.203,13W5oFdDKB7p8BiPSm21Et4Mv87vd3P67H
643,Phillipe,Armistead,parmisteadhu@bigcartel.com,Male,18.2.149.224,1EEiXNsCa4TsbJW7n57JhKru6rQsFzY76W
644,Kevan,Bingall,kbingallhv@addthis.com,Male,31.43.3.175,1B31NFiizYsJ3wSUEuz6T31zx6ogYSmJvu
645,Annetta,Varfalameev,avarfalameevhw@answers.com,Female,10.78.114.3,13a7xpdww6tE62k6UY7fZMiLgHZZeMDZ7K
646,Kele,Lindblad,klindbladhx@shareasale.com,Male,67.189.152.3,1Krgam7Sf2uHS9PFCSFzEm5HKU7Uu72pU3
647,Olav,Cornall,ocornallhy@sphinn.com,Male,82.66.71.182,15aXGsaQqFLf48HkCvZbHcsmDAhuaZMDm9
648,Fernando,Cradick,fcradickhz@craigslist.org,Male,192.162.246.2,1CzafhoLdL23cdDtPrxmcZsyAuR1cJ6Rb2
649,Gabriel,Lough,gloughi0@newyorker.com,Female,17.123.162.228,1H89Rs18YtW5Cm4CWkN5UaQvjdzhm4PvNP
650,Alidia,Tirkin,atirkini1@soup.io,Female,41.63.43.13,1F3AtTjigLYxcCB2vQamfgEBButZqwKkq5
651,Skylar,Ewing,sewingi2@instagram.com,Male,130.247.19.24,1CGPJ2TkZ83Pwpq9zVT7g5aFGocp54vVHp
652,Cissy,Labdon,clabdoni3@nbcnews.com,Female,167.229.132.161,1Miz49ztFrW9viqvbaQGoPiaVMrq6SUtJo
653,Wyatan,O'Loghlen,wologhleni4@stanford.edu,Male,37.220.136.225,1MqirHRdmP7FS7arYDtXo7K6UnpXoiuLc
654,Tuckie,Gumly,tgumlyi5@state.tx.us,Male,142.225.213.215,1s4G7swFPVYrwvcZvZykLjtQWjepAC9wp
655,Dani,Linne,dlinnei6@whitehouse.gov,Female,250.33.25.69,1DR99ePNQGiPWEC6B54uck6dywhDsWBfnf
656,Shani,Rogerot,srogeroti7@sina.com.cn,Female,120.231.36.175,1NWK9ZmdjYpPzBscfNHXQwzBCX7egDhjy5
657,Carmon,Dicey,cdiceyi8@histats.com,Female,15.206.1.170,1K47DJhQm5VmvFu6DsDB77wmCBh7NZQzax
658,Otis,Laverty,olavertyi9@huffingtonpost.com,Male,192.18.159.103,1MtZ3n3HKhJQAMKABtaJKmQ4kkJydrR7ve
659,Homere,Camplejohn,hcamplejohnia@cbsnews.com,Male,128.71.177.17,1FRZk7hB7nH6vBtwPXU715qyzDHGy3TTjJ
660,Odo,McIlvaney,omcilvaneyib@economist.com,Male,235.231.27.57,19FiCM5dMvgJKvmKJVYX4VfWB5pkK7sDK6
661,Diane-marie,Seiffert,dseiffertic@cnet.com,Female,208.222.93.186,1B7zCY5yipGN7LgTQFzKGTcQVYWXKAQ8fm
662,Morgen,Keasy,mkeasyid@qq.com,Male,201.84.136.146,15sgnUUWRtqmhnhtuKfkSw45eQxayz1FKk
663,Phillipe,Erie,perieie@wordpress.com,Male,247.116.202.204,17WWamiXb8QfJzV34Nhz4NmA4kX3bqBKXa
664,Eleanora,Blackaller,eblackallerif@godaddy.com,Female,251.120.206.71,1Bf13i1KiiBmZ7vaowpASMMPrWcEctgeTi
665,Pennie,Griffin,pgriffinig@tumblr.com,Male,17.100.228.182,17VknFmqnMa3wxS1wmsNUpvjzP3bpFoM35
666,Palmer,Edie,pedieih@oakley.com,Male,162.241.70.121,152WhCxGyAzaYbVbGi1bavDRdzgdVLaMin
667,Corabelle,Ainscough,cainscoughii@feedburner.com,Female,107.254.186.197,1BADkdrmAd5TVwGHMX66vW85agDFYQ1WQi
668,Ingar,Hastings,ihastingsij@cpanel.net,Male,33.254.176.136,17zgHojVXADKH4WBRW3PsVD67jn9YhvLc8
669,Shaw,Balaam,sbalaamik@samsung.com,Male,78.157.172.118,1AQdS8qbQZ4DskCu7uRprEZYWXciZMuJHe
670,Shelby,Callingham,scallinghamil@princeton.edu,Male,154.143.36.119,1LoM8Xz7R5LigeiS5cj2MT5Nemboiq2L1H
671,Marcella,Yegorev,myegorevim@myspace.com,Female,167.195.99.248,1QFpUkoSRf4X3Ta98dWQrSr1YN3MStvDyq
672,Alexina,Astupenas,aastupenasin@nifty.com,Female,1.106.106.158,1Ew5ZyjY6otLe14dLnf3ZQQ7f7aiLhwXWD
673,Alexina,McAteer,amcateerio@typepad.com,Female,126.12.54.134,16mvJAq8Rgp85DNf5CPeahvr4DPEgzugLn
674,Nestor,Zamorano,nzamoranoip@mail.ru,Male,86.169.119.39,1JdoJC3zYy1Tak8EoH6WNsptTw1RnCVAiD
675,Joceline,Drever,jdreveriq@va.gov,Female,218.34.154.177,1HkxtcA52fGqekyuBAg24LQpNzyAZ4bU7Z
676,Mirabel,Rangle,mrangleir@cnn.com,Female,64.252.126.165,14gHTJGwcgcLLsp6G6pENaCHbjHeRtJBsn
677,Rudolph,McCrainor,rmccrainoris@twitter.com,Agender,202.75.43.205,1KnVtT4fBsNMrmzzstfinCeKUvqJ6zFUuK
678,Nona,Larne,nlarneit@vk.com,Female,227.231.170.227,1FaenvLqnqepUgozUBJdWW3xZ489kB53w6
679,Jenine,Callaghan,jcallaghaniu@irs.gov,Female,209.39.171.136,1LehVv6wjEmJrtNLchXxURcxXxfAFXjMR3
680,Nefen,Nussii,nnussiiiv@skyrock.com,Male,88.213.1.199,1K8UAKeqwuCELiJeFXtArDGTzktY4UmCzT
681,Aguie,Chipp,achippiw@mac.com,Polygender,91.37.59.59,1BDXjbTojDHsDLXuA9nbGcREkvuKC9vwYq
682,Claudie,McGrayle,cmcgrayleix@netscape.com,Female,26.225.3.97,19HwzVXpL8ULeKxEZddftvAGPmQTC87ZNy
683,Carter,Inglish,cinglishiy@rakuten.co.jp,Male,71.92.90.236,1KGFJ9qs7PspVMkiYdoLaGydZPsDUmTujw
684,Briney,Canepe,bcanepeiz@mapquest.com,Female,105.146.41.8,1NCZXpxh1JUhhhELPo3JPkxdcjkxKy26x5
685,Ellissa,Hardcastle,ehardcastlej0@imdb.com,Female,69.164.62.106,1ABNkMPSxE18ptD8xFQ1Sx3v64dnDMXb3q
686,Pail,Kennerley,pkennerleyj1@tamu.edu,Male,159.80.184.208,14TNgUbYdh72BpR9JdezJ9ZdR1AAWWkZ9J
687,Asia,Masden,amasdenj2@weebly.com,Female,30.163.72.71,13vxojPVDxcp6WvS7bKQQ9FCtEVGn4JJgT
688,June,Newcomb,jnewcombj3@admin.ch,Polygender,223.31.78.148,1MsdoqPxJzQxXoKpUa4udTHuyHouN7yLVr
689,Cordi,Huband,chubandj4@altervista.org,Female,86.63.91.185,1Lh38kbgUFHeWD8it12T8FiAy5tgQRUK2f
690,Kaine,Blastock,kblastockj5@pen.io,Male,143.230.124.253,1AZ2nRbGS6WsZM9Puch49Gv9as4ThJgZHk
691,Cleon,Cosley,ccosleyj6@hexun.com,Male,133.186.139.8,1LZL3XfhpM1XbvbJmPinK3yLyaqXTfLoHm
692,Audry,Buckam,abuckamj7@com.com,Female,112.136.164.200,17at7d5YKztidpVvDBN9h2oEYnNk35EoXr
693,Lance,Curthoys,lcurthoysj8@hibu.com,Male,82.199.51.41,1KvwLsVrU9CnpVfXNmTBdJ1wESQjLn6s1i
694,Cob,Kesby,ckesbyj9@imdb.com,Male,38.103.14.233,1955e1pCb1QofE6Dbpi3QnJPXJN2ybDPmC
695,Dina,Ipgrave,dipgraveja@dion.ne.jp,Female,95.159.148.58,1CGNof2HzmXpfmHYCGEUkXeHRPfeQnBTJZ
696,Even,O'Shevlin,eoshevlinjb@china.com.cn,Male,7.1.32.4,1JRnC6D7fEdHSDVLoQoLZNC5CxnT3SVayY
697,Pearla,Bassick,pbassickjc@huffingtonpost.com,Female,210.115.146.78,1KWg7U8oKgjyFsXmR7kjhUtRx5MSTtYdvS
698,Shirline,Barrowcliff,sbarrowcliffjd@cbc.ca,Female,62.233.145.55,148CoMriaFSfCmwHDCFNgjeCnJyd3dkvRm
699,Edouard,Eskriet,eeskrietje@microsoft.com,Non-binary,48.193.48.135,1J7wWQcRv8Ahs1G3vP2pFpBcCTKneXRgaq
700,Brad,Glowacki,bglowackijf@fda.gov,Male,149.223.136.72,1Hyb8stfw2ye6oy9fQLZay2KscTGsukpdM
701,Erinna,Caswell,ecaswelljg@rediff.com,Female,203.145.159.33,12xh1XSENoVd822AABB2s8fSK1RRWQwYMW
702,Alexandro,MacGrath,amacgrathjh@i2i.jp,Male,20.37.179.234,154Gz5XDpTARswr63pur37Bs1NDj4bpo5J
703,Tori,Bubear,tbubearji@tinyurl.com,Female,210.45.214.5,158X4iWmXqZekjagEbH6pWKigUoja3TAiY
704,Korey,Oliveras,koliverasjj@apache.org,Male,17.223.94.210,1JQ15LAUFmAUBVtA1CR322m3acz3wpfLKQ
705,Artemis,Skippon,askipponjk@china.com.cn,Polygender,84.196.113.137,1BZdhmNz3tbKDy6YumzKMYicmW9rerhgXK
706,Onida,McGerraghty,omcgerraghtyjl@angelfire.com,Female,207.224.7.191,1GVnHmfXABF6ueY5nhbCACq6En7C7oEUkx
707,Laney,Murdy,lmurdyjm@pen.io,Female,177.237.240.222,12Sh5yExwR2UEamHvh34XHjGmfKtZsugyD
708,Guntar,Lightwood,glightwoodjn@umn.edu,Male,243.78.6.127,1FZQEfBTpcR1FsB3i6W7KUi4eeD9hLRkHs
709,Millisent,Tibb,mtibbjo@virginia.edu,Female,4.139.180.251,1GEzic12xzy9F3wDiCqKRQEEkkgurM6NEK
710,Dorothea,Kock,dkockjp@sohu.com,Female,183.189.63.43,13txXqZ1zheoLP2Ge2qV3pkDyVr84xkcy5
711,Woodie,Thickpenny,wthickpennyjq@spiegel.de,Male,158.46.130.179,1DNuAWXmmx6Qy3koowgAWgJYfgpxpuff3Z
712,Packston,Forrestill,pforrestilljr@linkedin.com,Male,27.153.140.86,1CAkiy7DmZ5EyKpcEeoxtHn2vhYMxHgg36
713,Sebastian,Cuncliffe,scuncliffejs@pbs.org,Male,247.53.2.180,12bUC9NzMr16scV8RiRkkET9zxVSQ8VvcC
714,Arnuad,Asquith,aasquithjt@amazon.co.jp,Male,236.193.162.18,18qkoc8QcucWWEG3V3cjb2PwFbCFztH5sN
715,Wynnie,Zohrer,wzohrerju@people.com.cn,Female,56.202.202.207,1B6UmUpCvRgPVTz9h4vHyKCMrvan4cSqgt
716,Bess,Gautrey,bgautreyjv@nasa.gov,Female,17.213.118.67,1Bmt67CEo11u5ez1KBr1b7E5xtZVMsbu7p
717,Gayle,Menguy,gmenguyjw@github.com,Female,65.240.146.244,15GRLsFtfKtpjMfWGggQJJhNP25JrJEA3a
718,Nate,Preece,npreecejx@yelp.com,Male,236.28.172.34,1CMA8nQTgriuUe9uAjtkWiN7LGgpanyyJ
719,Terrence,Harkes,tharkesjy@economist.com,Male,58.25.185.251,14p6HYiPWJJ5C7DCGdaKeNnSzu5euKaMbk
720,Kristi,Aldous,kaldousjz@biblegateway.com,Female,201.214.109.130,19hwTA8ejPvJG7xVb8Fb3qMdoYGzrjSahh
721,Conan,Keeton,ckeetonk0@ft.com,Male,235.188.190.170,1LeavBXk86ApEoybT6EuE54can7KEF2E6A
722,Ad,Speek,aspeekk1@squidoo.com,Male,110.96.136.253,18AWiaxd2Cecok5UjVAswA7UFM4KDsU5LV
723,Guenevere,Kayley,gkayleyk2@reuters.com,Female,155.150.216.164,1ACb7g1E1xwuUkAEhrtKD1kvxhVfhwXn9B
724,Othilia,Honacker,ohonackerk3@businesswire.com,Female,27.160.8.189,1EciFmXy8TLQoCAGsGMVgx1QJuDLBq3wtG
725,Theo,Gowan,tgowank4@desdev.cn,Bigender,159.13.174.0,1FpVThrLEW1CQr1TrnJjZdWBUYp6G72QSg
726,Cacilia,Hewlings,chewlingsk5@harvard.edu,Female,231.85.153.12,1FTR78VoHKFRtR6DBxrj1N3nwzLKvkvxXG
727,Adham,Foister,afoisterk6@stumbleupon.com,Polygender,106.237.211.96,13ut5PQQkcPwFjZA9UcyuTjLGdgEvmsBQ7
728,Emerson,Pilbeam,epilbeamk7@lulu.com,Agender,6.190.133.89,1ATMrN5vbABk9vbdEALbyyHpeRA5QuJkB7
729,Suzi,Girardi,sgirardik8@spotify.com,Female,167.176.43.40,19pfh5DMwXdhPySNz88vLXd9LiY2Ev6PYE
730,Deck,Isakowicz,disakowiczk9@xinhuanet.com,Male,134.143.214.248,14Ld7p4Xv2vmCBRmcifDaCy5NH6KWf1G1x
731,Gwenneth,Benninck,gbenninckka@tumblr.com,Female,189.29.169.255,1M6T8duqovaQo1R3hjyWW5Pu4sZKYMnuon
732,Odelinda,Hulburt,ohulburtkb@europa.eu,Female,46.18.7.85,16pV7XVnYRqUVvDM6SjtX9mKEp2sKoD7Do
733,Corabelle,Tash,ctashkc@com.com,Female,17.109.29.238,1Ce9eViPYtMVwhrRcG5e7YSf3V7TK5ksdt
734,Sib,Boath,sboathkd@mapy.cz,Non-binary,61.46.85.147,14d8CD9ZBsJCHGDGrRsFxYeKGdhdM3k3xc
735,Margeaux,Lossman,mlossmanke@dedecms.com,Female,253.129.106.38,13XGTtow87UvMrMcqFbAw45M8BWoijgbFZ
736,Donella,Boatman,dboatmankf@go.com,Female,126.152.155.232,1F9CmgH3BZWJMh3QoJ63LHkT7uoH6B2bsw
737,Elyssa,Roth,erothkg@uol.com.br,Female,14.133.237.152,1HaCqGZauuJKRdNbUasuSH2rU8ugJHNXnx
738,Gan,Brandoni,gbrandonikh@ning.com,Genderfluid,181.10.84.243,1ABQz5a9BdmhnMzLoYL7PiYUZpaG51TDsj
739,Leland,Beers,lbeerski@blogspot.com,Agender,148.32.153.146,1JzeBEmBKb7jnFatBmjU4BkZkbyuMgPzGg
740,Nissie,Templeman,ntemplemankj@themeforest.net,Female,189.148.64.198,17FdSNauV9bJpRKTDcEMG5tF6kS1y58FuB
741,Livvyy,Sarchwell,lsarchwellkk@ucoz.ru,Female,150.77.205.122,1FrCqKyxPqArBpP6cf9RZJYSRmdt6qzhL2
742,Tobie,Crosoer,tcrosoerkl@ycombinator.com,Male,140.96.152.206,1Nntaa5wYNLWFH1i2aX8V9Dm2gC5AHqkKw
743,Jean,Haizelden,jhaizeldenkm@google.cn,Female,234.59.159.9,13Evwn64Ea3zuGBgsvArdCvCJj5JF63ofB
744,Matt,MacTeggart,mmacteggartkn@whitehouse.gov,Male,64.193.118.160,17VoN8iUapT9V8kF7JMmvHc6CsDcmEHAQo
745,Claudius,Prudham,cprudhamko@360.cn,Male,179.149.247.66,1KQfMPuj5SUNLx6ukwT6wxsy6oEbrMuRNu
746,Melly,Tottem,mtottemkp@arstechnica.com,Female,206.182.227.62,13k8YusPZ3KLT7q4461ZeKuRyqkJGQmzrT
747,Juana,Malt,jmaltkq@opensource.org,Female,14.18.154.179,1BApnxVaqbqyTBce6zH1x58PcCPrs3owxK
748,Lettie,Warstall,lwarstallkr@cbc.ca,Female,133.98.123.199,1mrrZ3ujppm1h6boiHrSudeUEW2xQVZT7
749,Hamnet,Phillips,hphillipsks@ning.com,Male,42.132.193.139,1Q6A3Y9s1j9sRW8byAB27BoC5CqMAcsVg
750,Evin,Gerrans,egerranskt@fastcompany.com,Male,190.123.85.65,19BKasoZLiY3vUGc7bRedwLrE5doc6WeJM
751,Annissa,Baudoux,abaudouxku@macromedia.com,Bigender,199.46.10.213,17LDNi3S1sevofEuzRnTEu4A5KWXqVaqZU
752,Elisabetta,Hulett,ehulettkv@typepad.com,Genderqueer,221.101.24.194,12pX6R4Yt3UEZWUwXGviMXdjnzGV9iTcMg
753,Forbes,Figura,ffigurakw@hud.gov,Male,114.13.147.135,14i6DsUCB4jAZWxiW4QT1JBmDhZEqqywUK
754,Hardy,Apted,haptedkx@eepurl.com,Male,178.172.3.225,1CQ8E9vgvkbNSKme7HRFDs4x4QdWEDSzHn
755,Teodor,Rampley,trampleyky@wikipedia.org,Male,57.29.51.34,1FC9nfjHzrtpKy1LYHdzwyNcYivdeWyXpx
756,Myrtice,Vasilchenko,mvasilchenkokz@123-reg.co.uk,Female,108.84.136.71,1KDKU1eCko8ts7Dwi9wdYKbRx7B3zHJDwf
757,Isaak,Hancorn,ihancornl0@youku.com,Male,99.30.154.139,1AVbSaipTqbRd5jwjFbAwHUEZqrXCAVqfK
758,Irwinn,Bonallick,ibonallickl1@paginegialle.it,Male,130.171.110.164,1GzGb9MXHy8XjbtLVV9WZWCnBiod6tibJp
759,Erv,Nodes,enodesl2@mail.ru,Bigender,166.169.136.147,15Aedpi4eoMXRi9EN5urFJdvsCQYjuxzab
760,Lura,Crawcour,lcrawcourl3@nhs.uk,Female,79.234.10.172,18Y3CL3Sjm65gSuhtPiz8TwWc5PCSACD3Z
761,Rhoda,Yearby,ryearbyl4@123-reg.co.uk,Female,85.15.172.113,1FtG3iZfGUPJvsXToKfqDwcrJQNeJRso9Z
762,Gradeigh,Townshend,gtownshendl5@sciencedirect.com,Male,114.230.132.160,17hS3fbi1bDorJHuCisySwiihaAviCoMSJ
763,Sheffield,Boddymead,sboddymeadl6@angelfire.com,Male,44.79.31.107,1EwrQbKTzGtbYbvcrmbc3ohznwTH7kGaMv
764,Sigismund,Matzl,smatzll7@netvibes.com,Male,69.192.39.175,1AcsG3rzhBZv4RVJiz3R1v8rLbR2es6Bhm
765,Powell,Antoszczyk,pantoszczykl8@acquirethisname.com,Male,169.129.219.208,1KLznxtWyp7uyM3WgzvWVuYD4EzeJaawf9
766,Dacey,Galbreath,dgalbreathl9@moonfruit.com,Female,141.191.40.103,1LvRyLQ9T3awq1ZCCukZcLPTFFNh24RdoX
767,Brandi,Ellcock,bellcockla@nifty.com,Female,215.6.251.81,1CejrpGSCCXNGSkhoCYAsSSGXLp3Ascos3
768,Onofredo,Shillabear,oshillabearlb@hc360.com,Male,99.156.56.161,1BFe1Mvik2aRJAD7bBxuJ7b67WQ5Xphsbx
769,Lovell,Almeida,lalmeidalc@stanford.edu,Male,21.106.205.78,1KnXKJde37wRdA62czYUqNNh7v5qr6uHHn
770,Ezri,Pactat,epactatld@ning.com,Male,235.150.229.160,1QEzrwcx8xxHHQoWieLjHxewoJNin9p16T
771,Eward,Stolberger,estolbergerle@bloglovin.com,Male,218.123.239.85,1ufrYLa2iQtP7FG6LGTgnMkSLMuQsbpod
772,Marylynne,Mitchely,mmitchelylf@macromedia.com,Female,249.245.158.44,1Njw5vvtmjqq2DmtP5n1MehdxryjUykRiu
773,Elfreda,Jamison,ejamisonlg@omniture.com,Female,118.50.58.222,17R83TmAimX4CKyoHwoFK7WXyt7YE5vEYK
774,Nikkie,Nicklen,nnicklenlh@sfgate.com,Female,229.87.113.3,1BwPWvbpYeeu2CWuRyzjQgbLtGLZY2o2je
775,Benjy,Sausman,bsausmanli@jiathis.com,Male,148.26.71.23,1LmxYMpvPMCKpDJGun5etL92refTeRF5Jr
776,Gabriel,Rumens,grumenslj@shop-pro.jp,Male,148.102.164.85,1LBGDfFsinFdTisEr9EC2kVzH6VTX2w6ze
777,Emmalynn,Shearmer,eshearmerlk@furl.net,Female,144.217.130.55,1Fdh5srb6nuLp46MpiVep7LbrR39xMdWDW
778,Fitz,Penn,fpennll@jigsy.com,Male,145.77.204.237,1AWBQmUkAxteLycEXaUsht6fngg8CYuyvc
779,Waylan,Wickerson,wwickersonlm@github.com,Male,63.118.34.99,1ECsUULLz3aXDkzo77HJ6uVmSja5ePdNPv
780,Gaylor,Mc Carrick,gmccarrickln@wp.com,Male,54.72.204.14,1GyhuK47uUxTJy781uK8YUtkdm3EbpRLh8
781,Heinrik,Harle,hharlelo@addthis.com,Male,132.125.37.131,1AoDKvePn2Cyrt3gNX4ejdG88vMof94Smg
782,Margette,Manderson,mmandersonlp@wordpress.org,Female,148.195.72.172,1CSALkhqp3L9RKfGzPGD8DMwtWnFq924fG
783,Gaye,Barbara,gbarbaralq@blogs.com,Female,118.5.195.41,1EFqzK2ixkZ948xTfqmSAFvpobXQuVeRK7
784,Pammie,Torpie,ptorpielr@theguardian.com,Female,194.12.104.226,1Hof42uKHkPLWPdy7oSeqrfoqLTo8Cx9WC
785,Mead,Ferier,mferierls@phoca.cz,Male,132.60.206.84,142WvhVTUn6HaVDSdwJEeZijJ25EvQdPNc
786,Godwin,Baggs,gbaggslt@unc.edu,Male,210.212.201.53,1Hr8e13yerquTJvHsLjzrQfQuVS6hZoDf4
787,Eben,MacCallam,emaccallamlu@vkontakte.ru,Male,50.68.228.151,1DQX8qM2RXPPWmN1g8x7AEq3c2LiakkN6Z
788,Nollie,Beagles,nbeagleslv@photobucket.com,Male,181.58.85.82,1KqBS6c6wXxfg8AeQ8uSientdq6YoUmztN
789,Tremain,Catcheside,tcatchesidelw@google.nl,Male,203.47.65.225,1AgvsyZHdJpfqqajJFtCHRWJfaauuXH8j6
790,Benito,McQuilkin,bmcquilkinlx@google.com.br,Male,181.57.180.72,1C3mEQYCYtydMdgN5xdYD9qSYBkbzoFRKK
791,Lelah,Berthel,lberthelly@walmart.com,Female,3.29.36.197,1L6ys674TQPTKgN24LfoPLGY5TTKyWEqWE
792,Darnall,Nolton,dnoltonlz@si.edu,Male,170.104.76.68,1B7MQ1PvnqW2Nd7szrCKxfoyGHgXRGHbkw
793,Britt,Breward,bbrewardm0@typepad.com,Male,44.130.22.3,1P6zst63TTtf3UcuLDZiDUiP4W1GyfCwkg
794,Magdalene,Blunderfield,mblunderfieldm1@paginegialle.it,Polygender,225.205.109.124,15cqWicYWFt11c9kYjYzJjYryx23NTZF2h
795,Raven,Doram,rdoramm2@ask.com,Female,214.102.211.55,175xPwdAUbXeSJqkPJrDDhWtPWpxvoMHoA
796,Derby,Corssen,dcorssenm3@ftc.gov,Male,74.164.184.48,184meZUpwAkgyEYEAiEhvZHTWGgcukLe3B
797,Edward,Gallymore,egallymorem4@wsj.com,Male,207.244.28.234,1J6dv5maucYqjW2EcrixzaMtZ6UkikeUPW
798,Nevins,Rollings,nrollingsm5@addthis.com,Male,233.208.115.184,1WqiEn86qaKJuhivje8wmMJ5abnhisMF1
799,Lyndsay,Smardon,lsmardonm6@indiegogo.com,Female,157.170.55.11,1JhihaqAzvCFMusmf2fCx1oXTace1aBeK2
800,Alexandrina,Bortolazzi,abortolazzim7@scientificamerican.com,Female,102.216.15.109,1Ao5ELBHbXFwkiBNyuE5GPNTX4Fhh31Zv
801,Saunders,Sach,ssachm8@tripadvisor.com,Male,99.127.108.34,189j5aBRLQ1xPGHnWJES2RRNy9FyVAAKSL
802,Bellina,Ivashin,bivashinm9@pagesperso-orange.fr,Female,203.201.127.94,1GirHFSaEEJ9XHC1tSiJCHnSHpuWr5yNz1
803,Anestassia,Spino,aspinoma@seattletimes.com,Female,199.32.178.106,1KNySHm99v2Ty82nbgJzuLyqfSjjR5uwCg
804,Agace,Bambrough,abambroughmb@so-net.ne.jp,Female,182.24.234.158,1Ps9QoRZ2GePEMrQRHYE1u7u6puJcvAv5i
805,Brietta,Syde,bsydemc@icq.com,Female,27.31.25.189,127bqBkfy89LFhrPuthqqW3YwgXRKL4sod
806,Jefferson,Truwert,jtruwertmd@meetup.com,Male,162.140.92.186,1Drg2QC2QwGnn5C7T8438JhyB5h2Evb8P7
807,Micheal,Drillingcourt,mdrillingcourtme@mashable.com,Male,232.6.62.156,16Lf8wz9vscNp1MRXZm4YaK3ZdCUH8BcRW
808,Maud,Kippling,mkipplingmf@i2i.jp,Female,14.96.193.0,14gYT1E8qnRkPZiv4ojD1hTFNn63uNkSVT
809,Aymer,Domm,adommmg@google.ru,Male,198.64.225.197,19ztQZZGuTcv4z1iaBH5CCUQU19vrR6R3w
810,Ray,Grogona,rgrogonamh@prlog.org,Male,13.137.245.199,18ZF1PpZdE2zZg2eGE8JLTrWKGnA9guxZa
811,Townsend,Comini,tcominimi@reuters.com,Male,135.42.127.44,13jty5DhuXaZcD2Bk74bwgHnXzpE2ZAomo
812,Ludvig,Franke,lfrankemj@pbs.org,Male,55.91.148.211,18jFvQsKzLb9AspooP6ZhstJ6kpqbJ4hkH
813,Delila,von Nassau,dvonnassaumk@seesaa.net,Female,18.87.31.94,17AmaMzQa8XG8g42ufkMWANGFFismzDT8E
814,Stearn,Hedaux,shedauxml@hp.com,Non-binary,153.224.160.143,1ohtKCS1hATd9oFDv9bZ26cj9k29Nm8aH
815,Con,Coppenhall,ccoppenhallmm@livejournal.com,Female,115.105.148.142,17zXF2t6MHGt9za9jyX4yEEedUb3LnXiWS
816,Buddie,Sawart,bsawartmn@netscape.com,Male,219.118.122.152,1MmWr7gnPR265cHorefPP7rC5SmNTrK7cB
817,Stephenie,Bendixen,sbendixenmo@google.fr,Female,52.255.54.243,19Hb924oBtdkQL5Dr2bXX4uM6MWk562Kow
818,Yvette,Danis,ydanismp@tamu.edu,Female,18.27.107.41,1EZFStpB4kBGSA25uVJTUm82y8sGFhKd3G
819,Sallie,Broomhall,sbroomhallmq@umn.edu,Female,30.37.146.53,1FA7vDUWaYUFTXQwBrgyDgrjK762vRyLeV
820,Kathy,Willisch,kwillischmr@globo.com,Female,197.201.220.67,1PsAgMj8qcuUmNDdghSVunFBQMB8YT2qmg
821,Hollis,Pirrie,hpirriems@cornell.edu,Male,240.77.38.193,1Mv2DnHGM2QCuBC7Vb638cEQRJFXMf5GsZ
822,Fabe,Burnes,fburnesmt@blogger.com,Male,116.20.135.70,1AJZ7UhPLXcWJGrdveWBbNhEmLnYkhqhLm
823,Nonah,Dingivan,ndingivanmu@spotify.com,Female,217.249.69.54,1ABK5TWXJeNgtTFhbPVErLKB8pL88SHbYr
824,Doti,Daniaud,ddaniaudmv@theatlantic.com,Female,96.43.104.182,13rdvSLtm5eZBr4qNvPKHnCfmfyFLy4XLd
825,Gordie,Parcall,gparcallmw@springer.com,Male,66.47.121.6,1MXsa3vQkzcDAtNeh5AfSdmN1DwE4aMVCi
826,Alexa,Cessford,acessfordmx@reuters.com,Female,51.171.75.160,16Gf5JbD5v4wZSQa1HrzZdwAZNgqqRmAh8
827,Rafferty,Shufflebotham,rshufflebothammy@washingtonpost.com,Male,196.172.97.130,1CQM37ZNsC3uKH1xi6aLimdxr51p23wYif
828,Anstice,Flindall,aflindallmz@trellian.com,Female,16.41.106.173,152SdMxtUkCA98vXXdxJ8BQ5Y4x6TeUtMr
829,Donnell,Gonning,dgonningn0@walmart.com,Male,143.120.186.236,1LJEpUNwVX2wtYd7di2TyyXzGGynyrFqJL
830,Seymour,Balden,sbaldenn1@bigcartel.com,Male,63.252.236.95,1L2Q4CdeUdF1JE5Lnkjqno1LwZfYbzcpLA
831,Terry,Birley,tbirleyn2@digg.com,Female,116.44.40.73,1NmNx52Q6jy7dfdeVnyNnQNeCjypDgctSM
832,Rozelle,Brickstock,rbrickstockn3@about.me,Female,81.159.75.251,13WH1UvHnsFVjfV9E3Cyp5ShAjS5JFoMNr
833,Dev,O'Scanlon,doscanlonn4@businessinsider.com,Male,132.239.6.0,1BUWHCMi6ttbRmbE2eWsf5nBUPGkwPzc8h
834,Stanislaw,Wedon,swedonn5@usa.gov,Male,240.12.148.69,1AC7qLJiHewXZ2CzMCYupvf6xRrZzDachL
835,Guillermo,Letrange,gletrangen6@shareasale.com,Male,93.253.181.10,14G3T4yqjo5i2KwhDEzLLygYoH7dKdi7A9
836,Codie,Coombes,ccoombesn7@arstechnica.com,Male,191.101.50.93,1FxPq7QYQqQ8Z9pstDs6DxgC4ZWmD4YBmF
837,Ilario,Shadrack,ishadrackn8@ucoz.ru,Male,242.146.139.250,1FQBG7LDysdNgnRv7kdB3kV8MDwcyUfFEo
838,Cate,Jollie,cjollien9@vimeo.com,Female,120.245.85.126,1NzQgcLNDxdDseoR1y4EfQ4881LjRaiJhZ
839,Cris,Landeg,clandegna@feedburner.com,Female,62.116.13.195,1Hi6avfrHBzhrCPPWew9EDSn5G7hoL88Jq
840,Mendel,Denington,mdeningtonnb@huffingtonpost.com,Male,8.121.86.83,1AqkD5JieTLAPUGNjAbd6MF2mLVa9yEWDx
841,Wallas,Fennessy,wfennessync@chron.com,Male,229.54.5.119,18oDY2XwceeLa8sobXgeSvirr2RXjuCaXu
842,Illa,Cockshtt,icockshttnd@imdb.com,Female,212.92.202.173,18Kchy9J1TAJ7KTUny32mnyqGn88xoxTQy
843,Emmy,Camier,ecamierne@hexun.com,Female,223.46.127.117,15UoxA9MGAx2Pbr2prsYQzuuywfgWYomgf
844,Tanny,Traynor,ttraynornf@creativecommons.org,Male,241.237.73.188,1PM7Y76ckBBrEdjoERY3tJq6Bazj9dkt84
845,Anastasia,Rops,aropsng@nhs.uk,Female,78.79.188.120,1HnsxzH4cc9Pb7ZfrB1emJkZLEHk7YG28j
846,Elwira,Lanigan,elanigannh@icq.com,Female,112.36.80.134,1GewFQ3At4doWRQytJ1JxVUSUj28YePE1X
847,Arvy,Pesak,apesakni@i2i.jp,Male,37.246.148.121,19Dvnb7AjmBvNzGTgTPo77E5fU4Tgy5AWG
848,Cicely,Goodwins,cgoodwinsnj@furl.net,Female,25.206.3.94,128z3iKHPifqib6AJWSitWDLjchNFyBqNx
849,Jeffie,Dottrell,jdottrellnk@facebook.com,Non-binary,135.2.179.116,18eKXUf9LjhmQ3rkFYEP4pNFxNvxh23zch
850,Frederic,Zanotti,fzanottinl@google.com.hk,Male,101.173.240.81,1QBH5f2923PeiEgG6GJadbGL5r7g3gXTeZ
851,Catherina,Sawart,csawartnm@tinypic.com,Female,130.206.26.90,1EWMPx7a5f1MudQfWH6MDmazAJXqYjidHG
852,Shandra,Garrand,sgarrandnn@princeton.edu,Female,0.43.171.17,1PVt8mLjmoHuH8fcASLnN3m1J8E4XuQcgf
853,Ermanno,Ballard,eballardno@yelp.com,Male,154.134.178.14,1ECuCXxmwCxvzD9vU3TrhAFxscGamwDt7c
854,Darla,Churchley,dchurchleynp@usgs.gov,Female,57.246.39.236,1GteGBvKQ3ZmXbub5sUyTLKoa1xQwpEDZo
855,Toby,Moneypenny,tmoneypennynq@storify.com,Male,91.69.174.33,13RRGKzdWdd5tP6muo99HJP7MWnRcT3zeU
856,Lauren,Barlie,lbarlienr@hao123.com,Male,199.129.135.135,1KVEGbkPcsmNCsEbfvmZfqFsJLsR19FdHJ
857,Adella,Chiese,achiesens@blogspot.com,Female,30.165.197.52,1McFG4cyc1XuWhq2tqef4CnfHDfZAcy5Vo
858,Roberta,Struis,rstruisnt@de.vu,Female,90.23.14.239,19tFTmndMsXtkJf2HGnhQiNqFnojavorrY
859,Mikaela,Clayson,mclaysonnu@fema.gov,Female,45.101.93.229,17AoqqQhYqwdZu6Uh2rqMGe4emgpxpccQS
860,Larry,Varty,lvartynv@prweb.com,Agender,198.185.45.223,1D8k9kVVSfNpcv5KXrFUyNdCV3EzZGo37M
861,Anita,Light,alightnw@narod.ru,Female,185.50.218.220,1FPVajQH2NBt1EdeVwjcrdK8giFjxsNjpQ
862,Marlon,Vawton,mvawtonnx@yelp.com,Male,176.244.51.88,1GNS7YjE72N7qNbRYe1Gmwg1KTiXbXLT2b
863,Douglas,Salleir,dsalleirny@phoca.cz,Male,157.172.180.41,1LVsfjs97vYZj4MmkBECLjmu7RxDFsXvtd
864,Artemas,Primak,aprimaknz@who.int,Male,61.168.6.56,1Ni2Y12txABa7m2nPWLEuUWBtc5EY37TTe
865,Jania,Medina,jmedinao0@addtoany.com,Polygender,60.235.191.219,1CCTTTfgSCsQtjEoZoADfUCwrq1ZrRER4J
866,Pearce,Lomasny,plomasnyo1@virginia.edu,Male,51.233.14.234,1Msjj9pbVw4FbZ8bbjLPBGqvztNNV3yLkN
867,Olympia,Epton,oeptono2@reddit.com,Female,54.100.112.125,1J7aVbZFP5U2kpWWSuKBoRLYPEn8Lgdb8T
868,Deloria,Deetlefs,ddeetlefso3@cbsnews.com,Female,70.134.127.166,1H28cpjfQPfTAdm2RG1VXWFdjh6r8yTeA2
869,Garald,Casale,gcasaleo4@pcworld.com,Male,17.107.7.202,1BwosHs2QTCW5cRnBq4ykAuTfgDsRUgE3m
870,Evangelina,Clements,eclementso5@51.la,Female,131.16.186.102,1A4Rq9T5FNrrSio6e6dy8DGptbbESYWMAR
871,Alejoa,Franzolini,afranzolinio6@aol.com,Male,113.103.252.20,15nMpVgRP4732XfvaxPjcUroFPrpdJDRux
872,Gabby,Stennett,gstennetto7@theatlantic.com,Male,232.150.69.48,1BGXS2QTA7ncQrQraP7CNLGphqFHLQA64G
873,Lorrayne,Bingall,lbingallo8@dell.com,Female,38.249.165.49,1zVJUe9huz6WeT5k7RG6tmpLR4Tk83o4F
874,Evaleen,Schuricke,eschurickeo9@economist.com,Female,134.78.97.65,12PYdMNMaHQJZCW6JmF1p71TnymUpxJw21
875,Celie,Cammidge,ccammidgeoa@moonfruit.com,Polygender,162.250.141.106,1GRVBQLo63jQFpW4z7Z6Brh2dndcZMmdnK
876,Guntar,Shrimpton,gshrimptonob@seesaa.net,Male,20.9.33.37,1JHTtMv4zbQt3CPjBHVrpvtCX9wKcrWZmL
877,Agata,Cristofori,acristoforioc@cocolog-nifty.com,Female,253.190.51.194,1G6FTgiWyrSA7DXe4FvHeSHcT7R3Mfy7jR
878,Adan,Ody,aodyod@google.de,Male,252.110.7.41,1GBMMVEj7cs4P2c9EkfVQwptrb3EE34rcP
879,Jaymie,Straine,jstraineoe@yahoo.com,Male,114.193.156.166,14eAAKisQfmRZjvC67ssR7r5RGxeGcLG85
880,Glyn,Gorriessen,ggorriessenof@devhub.com,Female,233.91.153.35,1AUgCjNr75xX3KiWZ8F81sV9J1XX1ydV8V
881,Luce,De Ruel,lderuelog@theglobeandmail.com,Female,56.37.132.148,12We8YWZpoU4V8rS9GjoWooMyDvZ3kNRQh
882,Lory,Walsh,lwalshoh@google.nl,Agender,166.246.106.206,17CwKrXJyFy6boDk3DnVCVj6YAvdaA5T87
883,Roselia,Lote,rloteoi@instagram.com,Female,86.248.176.163,1JLw5HwyAVPRMnKWxpNajgAXyJo7vASekz
884,Gearalt,Mityashin,gmityashinoj@biblegateway.com,Male,149.197.160.106,1BojocUtNVbMHUdV9L56GkR4xb94Cvxj4u
885,Nerti,Strand,nstrandok@amazon.com,Female,82.83.225.230,1LPncq4ADAENuBcv4AK6QtsxPtLPV1GULc
886,Valaree,Anning,vanningol@ibm.com,Female,123.59.111.62,1EUx5HtcQMecK4wYuepSUDuuxN6NxftYre
887,Harley,Houndesome,hhoundesomeom@scientificamerican.com,Male,174.144.231.29,1JwE7iti6iriSHAaqLTz835dEWzGd2gAX7
888,Wendy,Perico,wpericoon@moonfruit.com,Female,134.122.195.60,1M5AXtrP5VgTy7rfQTSjpJRg1bZJ9BVLkt
889,Julianne,Hawtry,jhawtryoo@about.com,Female,91.123.116.44,18srVLnoEwSq3TBrdg7iJSwoP8Yhbt1ijh
890,Isaiah,Heakins,iheakinsop@angelfire.com,Male,87.48.102.253,1N8uExG2ebEQrdAUAr96qXU74Jr4SwZcxh
891,Byram,Domerc,bdomercoq@bizjournals.com,Male,189.216.226.115,1FjeMWv68yvm4W9oMa3ZZ85mSnjgwfeQ6F
892,Cleve,Moran,cmoranor@wikia.com,Male,115.63.136.182,154aqeSXM6eAAUiMM43p3h3LUrfBjPQ8iM
893,Diandra,Purkiss,dpurkissos@tumblr.com,Agender,123.107.197.211,1Dsd8zVGRU2vwCF3qTrr3FiZBESryrF4D7
894,Andrei,Everix,aeverixot@nationalgeographic.com,Polygender,108.137.20.93,1FMCL4xt5ugUEJVmqf1SKsD6VVhfod4haX
895,Danya,Hartless,dhartlessou@arstechnica.com,Male,229.154.200.251,1FZCkjTf2Ab2X2wzWXF1LVsE1K8ioRaSfH
896,Misti,Studd,mstuddov@wix.com,Female,28.223.215.185,1L6g8f1ypNKVoCJ5zonzwUgXrSKrRMDwDK
897,Eadith,Cockshot,ecockshotow@rakuten.co.jp,Female,92.68.155.71,16ZszBmXLbGcwdph8MBUbqexXSNMRXniXu
898,Olimpia,Lynch,olynchox@pagesperso-orange.fr,Female,7.196.253.182,1eAn2fP8xG6mipWJR8eJj6MmqioMB7U85
899,Maible,Farres,mfarresoy@about.me,Female,166.37.204.17,1EbBWe2m66WgipcU4e76PC2BUET41yg32k
900,Philipa,Fink,pfinkoz@cisco.com,Female,138.6.23.124,1DrRNXHB5TQRVBe3xnWfRe58ioCiPUPk4M
901,Aggi,Samwayes,asamwayesp0@joomla.org,Female,173.117.18.163,1AzxuDprPLqqiRKb3dsAQrT6bRW5hj1ZrR
902,Gabriel,Borton,gbortonp1@netvibes.com,Male,222.193.238.70,13YMiqprRhfRHv2SE2jwgWHZcraQ5wfUd4
903,Felipe,Eger,fegerp2@aboutads.info,Male,129.23.80.177,1LRbzwTi5eLz1gmbKNd2JdtyxFfBVGvC5A
904,Amalita,Kumaar,akumaarp3@blogs.com,Female,231.246.222.109,1KEJ5yqQVqZDNnoj24TY4n5M4u828GWMJV
905,Mattias,Basson,mbassonp4@guardian.co.uk,Male,144.174.160.146,1QHEptnGLqC7NxhX1Rdw5NTsGWGPnoDBhD
906,Trista,Feldmark,tfeldmarkp5@globo.com,Female,61.247.187.191,16bGw5v93WMmUEwasbGjNXLqY2UV2aVjPs
907,Annmaria,Beedell,abeedellp6@sina.com.cn,Polygender,170.26.62.84,1N6JupxzWEAVMaBBXxfN6nviSVoUCXDR7d
908,Weber,Heskins,wheskinsp7@merriam-webster.com,Male,231.233.77.222,1DfxBPx7iBMLsbCZu2QsLQf3arSCW6Uf46
909,Kris,Gaitone,kgaitonep8@oakley.com,Male,226.29.195.145,1EFqrL52kSbnSm7yAhTrPUZaWVsYKixh7T
910,Lelah,Rissom,lrissomp9@jimdo.com,Female,234.213.185.93,18difgChLpKMxpEPRTctGfUrQ2QdCA7FJi
911,Olvan,Doudney,odoudneypa@yale.edu,Male,69.130.95.221,1HW3p5B8wN4JkgM8yVCaKWeUUXzAW3d9D5
912,Tisha,Finlay,tfinlaypb@ted.com,Female,182.196.74.144,14kVW7LcJ4NsJqryyuVHrNRqJNVgVPCpfL
913,Hannah,Tolossi,htolossipc@mashable.com,Female,116.243.31.163,1KrMkodBwF9ssbmSqduhogvTeHgmXdND1A
914,Angie,Bradneck,abradneckpd@feedburner.com,Female,250.11.63.51,1LxvqHvSFaXy48RTHXxwvBbpjzf68tey8E
915,Marney,Kibblewhite,mkibblewhitepe@businessinsider.com,Female,249.216.218.86,19VV3hxtAVvMQdJx5MYJYchpqrG7c3ZSRc
916,Huntington,Swinburne,hswinburnepf@hao123.com,Male,62.102.95.218,12HzvXpn2grKnjNYEbY2iLBSpHayKV2xY8
917,Dena,Blore,dblorepg@flavors.me,Female,160.152.143.83,1976rpJ7dwLpXoGFYRWv1jbM3rbtJJ4DuH
918,Salvatore,Melvin,smelvinph@timesonline.co.uk,Male,138.143.93.28,1MvLfAgtaJ2MYSWW7PZw7RSjr5LKNfbZrW
919,Marys,Jestico,mjesticopi@google.com,Female,109.121.227.48,1Bk4TLi5mJoebZiD6pghuZKPqGbmBB2DSy
920,Gennifer,Dillingston,gdillingstonpj@bravesites.com,Female,21.188.200.111,1MmZRn2E8kWYPWTs3C37hnUrqt4YTaUTUz
921,Adlai,Doolan,adoolanpk@google.ca,Male,20.19.209.114,1BBjMgUFKuRiKLbW3fiBDBCLJQXDHS3rxU
922,Lissa,Sobey,lsobeypl@slashdot.org,Female,190.33.215.20,1DtjkuRYpgLYdacGFN24Z95iQVFELMn68G
923,Annalee,Pattenden,apattendenpm@wsj.com,Female,90.100.13.189,14jBqH4Rjib1eBkEryoEbdVjx7vRwLzMLD
924,Wait,Scrivener,wscrivenerpn@vk.com,Male,84.221.24.1,1GpS9yv2fLWoWHtEzE2E3mravQDR8DBiD8
925,Nadean,Sneath,nsneathpo@dell.com,Female,204.147.36.177,1KzaTyvrros6CW9dbjQUAY5h6sxyMEeRWA
926,Jarrad,Jagielski,jjagielskipp@princeton.edu,Male,161.199.149.252,177AJx13GtVGBBnYKzr74ELtzV7SvWvKMy
927,Normy,Willmont,nwillmontpq@domainmarket.com,Male,187.91.2.169,1H9mYTguPnK5DBihpDAu2Ra17zVV8b6e7v
928,Odille,Boni,obonipr@economist.com,Female,127.72.107.76,15betXymsj5e9WEUYiZBaQ5hXV7wVt18hK
929,Kit,Stenet,kstenetps@about.com,Female,158.165.34.177,135Nd31QPHgwx8NnQL7podGRxBGEk6Ae3G
930,Roberto,Emtage,remtagept@hud.gov,Male,96.5.65.148,1EFQFCNpNYvmEazqjprNSq33frCLenCJAV
931,Quinton,Karpov,qkarpovpu@dot.gov,Male,197.127.133.87,1MRU6inVPYJAJciK5xGM6G9gYqxApdX3m6
932,Mohandas,Trumpeter,mtrumpeterpv@hugedomains.com,Male,232.3.49.58,1BZz2FrRURm1wxvkaMi4D8FTTdyAXquu4Z
933,Onfre,Packington,opackingtonpw@sogou.com,Male,176.28.23.72,16fLL7fAt2E1YmiL48dBcZ1GN4LxBnVebW
934,Shayna,Works,sworkspx@mail.ru,Female,154.66.37.251,17BSDbZX3QDKBMkAMabEiSyqKNoYdqgAii
935,Tanney,Marris,tmarrispy@google.com,Male,208.72.219.156,1C5Qhqdrx6iyNCTJoNpWUYxQfdiNaNBZUK
936,Bing,Stoves,bstovespz@pinterest.com,Male,77.195.241.222,1ENMMNfG2HestcqqRo7BvjSG5AFUYakJ1M
937,Worthy,Dash,wdashq0@jiathis.com,Male,33.236.170.135,18vorrVqs2q3KvP99wRCDXWjMztFiLkt5h
938,Dawn,Ferrara,dferraraq1@deviantart.com,Female,198.85.100.128,16UyyVKwAGmVJUc3uyKG73xQdyQ1ugdD9B
939,Evelina,Scotchmore,escotchmoreq2@bandcamp.com,Female,67.242.109.156,15AmjuA5fuhJnooH2k9WusfeyQbmZRCdbu
940,Diane,Hockey,dhockeyq3@pagesperso-orange.fr,Female,141.145.2.113,14KtoLMrn3643jGPq5ABEbbYZ23QwJSTJn
941,Pip,Ivashnikov,pivashnikovq4@princeton.edu,Male,67.165.179.228,18HtNFP3LV1DiMa39WP7VxH2XvLzzhU1d3
942,Darb,Bellin,dbellinq5@liveinternet.ru,Female,196.224.223.198,18vjrs1CAvna3vQ2UkgpR8fLVWjTd1FhpU
943,Gibby,Ashdown,gashdownq6@newyorker.com,Male,152.45.200.135,1FaYAKdWYWjc817iooBLY3uq5fq5cLVhTy
944,Carlen,Garmons,cgarmonsq7@princeton.edu,Female,98.115.180.251,1PJDeZ5v6HQM5VW6Gf4C6YfaL86n2u1Xrr
945,Wiley,Andrichuk,wandrichukq8@businesswire.com,Male,242.61.174.62,1PcDYNCc2tKnRM8ikwuB4ZCTtup2KxfC8T
946,Colene,Rospars,crosparsq9@tripod.com,Female,197.144.246.9,1FNWoKA7ZPZrtDw52nakuas4prbimacowS
947,Abby,McDermot,amcdermotqa@etsy.com,Male,169.247.215.70,1P7PGo6H9Jz2Cw3zEe8jfK6uAUedXVDs2J
948,Lenard,Dabes,ldabesqb@deliciousdays.com,Male,29.179.36.192,1Jz6P3v3CHPUu9LcESZnzXUxinBx32qjQf
949,Roselle,Beumant,rbeumantqc@cnet.com,Female,125.186.117.205,1DCGiQdyzQM6YQnHxtynW8ziDdLQgmn1XF
950,Robbyn,Bovaird,rbovairdqd@oracle.com,Female,76.93.139.220,1JQ5n6XdeHKJYfgupXGKzxsu3pLtwe3VQG
951,Krissy,Sheirlaw,ksheirlawqe@google.co.jp,Female,13.199.35.38,19S8LhaofYcQso17CroqgFrcY5GJCCiZ8p
952,Gram,Persence,gpersenceqf@angelfire.com,Male,239.34.45.116,1DWZnJxeXHFCT3VirKr2f7GVL3LgMPk7Px
953,Andrea,Fairs,afairsqg@shop-pro.jp,Female,193.61.138.174,1JSC779qybTRYsdyAS3VoAi1xahPKSWsXP
954,Jerrold,Treeby,jtreebyqh@msu.edu,Male,65.152.184.94,18pobUdAEptSBZNDg5CHE2Sx7rWT8fZxyo
955,Addia,Loynton,aloyntonqi@theatlantic.com,Female,18.216.8.58,1A7pQLps8eonUEUHLBwAF1hegUTc7G3co6
956,Deanne,Yates,dyatesqj@nsw.gov.au,Female,197.89.162.34,17fnvewkhnBEh4GKAUS8KiAq9Qv8jQJtJr
957,Susi,Pritty,sprittyqk@google.com.br,Female,83.80.60.191,12e17SJ7b5qUxUN8QRkdANdBfdp6YHxkQV
958,Ahmed,Housaman,ahousamanql@unesco.org,Male,61.17.93.47,188Fs9rnND5LHrfCjsLQLjviWuv5SoU2bF
959,Karissa,Alsopp,kalsoppqm@umich.edu,Female,48.115.93.255,1E6KZSHJzQaax23hPbFPwvG6X4zAWcugqn
960,Olenolin,Fenne,ofenneqn@homestead.com,Male,172.199.247.80,1FiE8UfAQXgpCm4rC8GBjSZdebC1azgUMR
961,Tessy,Brunning,tbrunningqo@upenn.edu,Female,82.135.135.231,15RLCDtmZ1kCnhyJKU1vv3HMiKkmfmbWHa
962,Raddie,Fishbourne,rfishbourneqp@unblog.fr,Male,146.138.156.0,1GujoMKrT7jsQnVjk8iuVQUfPKrKUynnzX
963,Lilllie,Harbinson,lharbinsonqq@slashdot.org,Female,246.235.40.76,1Byf1YgH6CSvMifpUwwWpWR1HsPRBZQjWq
964,Emera,Kydd,ekyddqr@gnu.org,Agender,139.129.125.50,16R7V7VdTZXQHFyYGhBSsTGwnbkg2UKgDc
965,Cazzie,Royce,croyceqs@economist.com,Male,147.122.242.100,1Et8PRRHqVMsfL3LpN7VVfF1C5MZtAnsMh
966,Cherri,MacDuffie,cmacduffieqt@technorati.com,Female,94.152.83.11,1BPoyLpHVV95XabvJkCaLSMfVNwUzsmNEK
967,Janetta,Waud,jwaudqu@npr.org,Female,120.118.74.52,14ub6UFMPscv5C8Nxo4bF3WcVYudxpLwp2
968,Lucille,Cardoo,lcardooqv@facebook.com,Female,228.214.78.155,15wSLD4EVg17cFLP663tFrXRXDXePDw5Mv
969,Jim,Huntingford,jhuntingfordqw@printfriendly.com,Male,145.199.94.9,1ME2fxKB8VY6PjpcqxHGW1jf7eWnVJJg5V
970,Alvira,Tidcombe,atidcombeqx@dailymotion.com,Female,162.81.8.184,1Lnd5ZxNgXy4nrHDEKrcmk5MC3DUeP8gxU
971,Britte,Chismon,bchismonqy@hatena.ne.jp,Female,250.29.216.64,1G6o5uhfJwv8eRzXegbTpMqVetqs8LYKxx
972,Harald,Pentercost,hpentercostqz@tuttocitta.it,Male,138.84.196.79,1GWJ78b63YArCuSXC2USR6MyMUZYbmcBwb
973,Delores,Deave,ddeaver0@slideshare.net,Female,44.136.177.26,19fpTKyUDQojLhjZLQU3np8s3Jnk6D4hYN
974,Evelyn,Ort,eortr1@nasa.gov,Male,40.66.136.40,1NpcWYqkuwDDWBPDv3KhU3yiCPfQsTUQbY
975,Hedvige,Cesconi,hcesconir2@ucoz.com,Female,18.220.134.32,1DkM3YwzTkXLRndJByUyZ8XvS1zy9ZDHHv
976,Garth,Endle,gendler3@ted.com,Male,237.82.209.160,15euxj5pYr9s8NRYAvbWA7CB4J1WENYFp9
977,Joli,Dallaway,jdallawayr4@cornell.edu,Female,103.18.55.252,1Mdt7d723fqizgqyEBqJD89Kw9CEF5txgf
978,Kittie,Joincey,kjoinceyr5@histats.com,Female,216.129.240.77,16tqTBMZciLeCXtMb9mbKNThR5rfWZickN
979,Bruce,Dingivan,bdingivanr6@redcross.org,Genderfluid,232.209.148.164,1F2wpP98W6mwSj32ynuV98xMWapMNdpzYg
980,Gery,Marchi,gmarchir7@ebay.com,Male,226.240.82.171,1EUBzz74ifYXworeFjkiZzcVL31yabu4Md
981,Derby,Chaytor,dchaytorr8@jalbum.net,Male,201.61.90.18,1HtoYTuNLQfZGPv9rvAUkUfHWrr5YJuaHK
982,Haskell,Cowling,hcowlingr9@auda.org.au,Male,193.111.148.189,1ASfJWbbTzYE84L4wVhFF8vsHYceZjwrt5
983,Candide,Ellgood,cellgoodra@nsw.gov.au,Female,237.245.145.101,1J95dvJ7TEzFVpLY6LqE3M4DKMawHQjaC
984,Seymour,Fielden,sfieldenrb@geocities.com,Male,150.107.102.158,1EcWopRGESPWq16DL6YR6cLfadWE6JgrSt
985,Alexei,Shelvey,ashelveyrc@yale.edu,Male,37.215.6.106,1BBes7bor69HxDoxZsWn7yqVMkkeiEqebV
986,Oralla,Cuningham,ocuninghamrd@statcounter.com,Female,132.119.79.219,1ARxBV9Kv83ubi2JCHmTSthg7JNa6DsBH6
987,Bernardine,Slimming,bslimmingre@berkeley.edu,Genderqueer,113.104.43.250,12TEoBgq59zSdX9sHh8KMuj4FNnj5Syhuu
988,Allie,Pycock,apycockrf@nature.com,Female,104.82.189.204,1NFUiFxECMT8UdAnTZLxYJNXPKe8YcjaBa
989,Benny,Tomik,btomikrg@hp.com,Female,33.71.182.153,1NAw6P7WFDfEZAS3AvBrEisJjT8DexuW9h
990,Cristi,Denning,cdenningrh@seesaa.net,Female,195.203.201.210,1Nn8TxmPBdsBMJNyNcuVxZfXae3c5Rs8zb
991,Christian,Knyvett,cknyvettri@printfriendly.com,Male,31.69.14.243,12UHysA6WtHRgzHmQwf2MbDtGmpAw7e7pu
992,Patrica,MacMechan,pmacmechanrj@dmoz.org,Female,205.75.26.103,188ejNVU6Bf6HNjDoU1hHaDNYVy7itWLV3
993,Brandy,Sickling,bsicklingrk@arizona.edu,Male,142.176.193.248,1B13iyMzc1A3dQX5ZfZ6ns4Z4kezRphaV5
994,Wallis,Craighall,wcraighallrl@example.com,Female,225.191.5.48,1BPCxxedXQxG6payqMprSkv6pAkFaeBkSN
995,Mack,Ornells,mornellsrm@dmoz.org,Male,87.156.137.13,1QJKYc17Y1qZeZreKZJLz77LTWU43YQm1q
996,Hartley,Iacovielli,hiacoviellirn@state.gov,Male,8.167.118.154,1K1nELoBMFQyR7XBAub3TjrKjSitsNX62x
997,Filmer,Rabl,frablro@delicious.com,Male,100.195.25.238,1MLpTxhxfKcnA6R65yV9sPD2JxaGdef9jj
998,Annmarie,Vreiberg,avreibergrp@sourceforge.net,Female,114.253.232.157,16XNaCRRHUsoq3EhHegAxSwhyPHTut2vHu
999,Berky,Kleinmann,bkleinmannrq@booking.com,Male,52.236.15.64,14o4h9ATLoCvdtkgSpwVAgABUXbvZhFTRf
1000,Roxie,Dimeloe,rdimeloerr@skyrock.com,Female,100.212.114.177,19BusTANZxPtbaXMKYEgxvqRuNJg5zrrdD
